"candidate_tree","candidate_id","validation_status","lockfile_path","lockfile_present","lockfile_sha256","provider_source","provider_version","provider_constraints"
"dataset/main/candidates/geniac","complex__claude-opus-4-6__complex-aws-tf-001","VALIDATE_FAILED","dataset/main/candidates/geniac/complex__claude-opus-4-6__complex-aws-tf-001/.terraform.lock.hcl","true","4c666089f19251c562fa001bab814535a963b8b27f2cafe0f5a91506e99afdd8","registry.terraform.io/hashicorp/aws","5.100.0","~> 5.0"
"dataset/main/candidates/geniac","complex__claude-opus-4-6__complex-aws-tf-002","PASS","dataset/main/candidates/geniac/complex__claude-opus-4-6__complex-aws-tf-002/.terraform.lock.hcl","true","918082a27b5b69ccd15a5e8fd8808d87818d1723242fc1a8c10974c461307d3f","registry.terraform.io/gavinbunney/kubectl","1.19.0","~> 1.14"
"dataset/main/candidates/geniac","complex__claude-opus-4-6__complex-aws-tf-002","PASS","dataset/main/candidates/geniac/complex__claude-opus-4-6__complex-aws-tf-002/.terraform.lock.hcl","true","918082a27b5b69ccd15a5e8fd8808d87818d1723242fc1a8c10974c461307d3f","registry.terraform.io/hashicorp/aws","5.100.0","~> 5.40"
"dataset/main/candidates/geniac","complex__claude-opus-4-6__complex-aws-tf-002","PASS","dataset/main/candidates/geniac/complex__claude-opus-4-6__complex-aws-tf-002/.terraform.lock.hcl","true","918082a27b5b69ccd15a5e8fd8808d87818d1723242fc1a8c10974c461307d3f","registry.terraform.io/hashicorp/helm","2.17.0","~> 2.12"
"dataset/main/candidates/geniac","complex__claude-opus-4-6__complex-aws-tf-002","PASS","dataset/main/candidates/geniac/complex__claude-opus-4-6__complex-aws-tf-002/.terraform.lock.hcl","true","918082a27b5b69ccd15a5e8fd8808d87818d1723242fc1a8c10974c461307d3f","registry.terraform.io/hashicorp/kubernetes","2.38.0","~> 2.27"
"dataset/main/candidates/geniac","complex__claude-opus-4-6__complex-aws-tf-002","PASS","dataset/main/candidates/geniac/complex__claude-opus-4-6__complex-aws-tf-002/.terraform.lock.hcl","true","918082a27b5b69ccd15a5e8fd8808d87818d1723242fc1a8c10974c461307d3f","registry.terraform.io/hashicorp/tls","4.4.1","~> 4.0"
"dataset/main/candidates/geniac","complex__claude-opus-4-6__complex-aws-tf-003","INIT_FAILED","dataset/main/candidates/geniac/complex__claude-opus-4-6__complex-aws-tf-003/.terraform.lock.hcl","false","","","",""
"dataset/main/candidates/geniac","complex__claude-opus-4-6__complex-aws-tf-006","PASS","dataset/main/candidates/geniac/complex__claude-opus-4-6__complex-aws-tf-006/.terraform.lock.hcl","true","4c666089f19251c562fa001bab814535a963b8b27f2cafe0f5a91506e99afdd8","registry.terraform.io/hashicorp/aws","5.100.0","~> 5.0"
"dataset/main/candidates/geniac","complex__claude-opus-4-6__complex-aws-tf-007","PASS","dataset/main/candidates/geniac/complex__claude-opus-4-6__complex-aws-tf-007/.terraform.lock.hcl","true","e6794c499dda7238f9eecb9b8b7fb7ebd3b5da131dc35fbac787ace911f79724","registry.terraform.io/hashicorp/archive","2.8.1",""
"dataset/main/candidates/geniac","complex__claude-opus-4-6__complex-aws-tf-007","PASS","dataset/main/candidates/geniac/complex__claude-opus-4-6__complex-aws-tf-007/.terraform.lock.hcl","true","e6794c499dda7238f9eecb9b8b7fb7ebd3b5da131dc35fbac787ace911f79724","registry.terraform.io/hashicorp/aws","5.100.0","~> 5.0"
"dataset/main/candidates/geniac","complex__claude-opus-4-6__complex-aws-tf-008","VALIDATE_FAILED","dataset/main/candidates/geniac/complex__claude-opus-4-6__complex-aws-tf-008/.terraform.lock.hcl","true","c270b307fc692fd42ee2cfd569081681451d8b8e7969d77d7ba6761a671eacfe","registry.terraform.io/hashicorp/archive","2.8.1",""
"dataset/main/candidates/geniac","complex__claude-opus-4-6__complex-aws-tf-008","VALIDATE_FAILED","dataset/main/candidates/geniac/complex__claude-opus-4-6__complex-aws-tf-008/.terraform.lock.hcl","true","c270b307fc692fd42ee2cfd569081681451d8b8e7969d77d7ba6761a671eacfe","registry.terraform.io/hashicorp/aws","5.100.0",">= 4.9.0, >= 4.27.0, ~> 5.0, >= 5.11.0, < 6.0.0"
"dataset/main/candidates/geniac","complex__claude-opus-4-6__complex-aws-tf-008","VALIDATE_FAILED","dataset/main/candidates/geniac/complex__claude-opus-4-6__complex-aws-tf-008/.terraform.lock.hcl","true","c270b307fc692fd42ee2cfd569081681451d8b8e7969d77d7ba6761a671eacfe","registry.terraform.io/hashicorp/local","2.9.1",""
"dataset/main/candidates/geniac","complex__claude-opus-4-6__complex-aws-tf-008","VALIDATE_FAILED","dataset/main/candidates/geniac/complex__claude-opus-4-6__complex-aws-tf-008/.terraform.lock.hcl","true","c270b307fc692fd42ee2cfd569081681451d8b8e7969d77d7ba6761a671eacfe","registry.terraform.io/hashicorp/random","3.9.1",""
"dataset/main/candidates/geniac","complex__claude-opus-4-6__complex-aws-tf-008","VALIDATE_FAILED","dataset/main/candidates/geniac/complex__claude-opus-4-6__complex-aws-tf-008/.terraform.lock.hcl","true","c270b307fc692fd42ee2cfd569081681451d8b8e7969d77d7ba6761a671eacfe","registry.terraform.io/hashicorp/time","0.14.2",""
"dataset/main/candidates/geniac","complex__claude-opus-4-6__complex-aws-tf-010","VALIDATE_FAILED","dataset/main/candidates/geniac/complex__claude-opus-4-6__complex-aws-tf-010/.terraform.lock.hcl","true","e6794c499dda7238f9eecb9b8b7fb7ebd3b5da131dc35fbac787ace911f79724","registry.terraform.io/hashicorp/archive","2.8.1",""
"dataset/main/candidates/geniac","complex__claude-opus-4-6__complex-aws-tf-010","VALIDATE_FAILED","dataset/main/candidates/geniac/complex__claude-opus-4-6__complex-aws-tf-010/.terraform.lock.hcl","true","e6794c499dda7238f9eecb9b8b7fb7ebd3b5da131dc35fbac787ace911f79724","registry.terraform.io/hashicorp/aws","5.100.0","~> 5.0"
"dataset/main/candidates/geniac","complex__claude-opus-4-6-cot__complex-aws-tf-001","VALIDATE_FAILED","dataset/main/candidates/geniac/complex__claude-opus-4-6-cot__complex-aws-tf-001/.terraform.lock.hcl","true","4c666089f19251c562fa001bab814535a963b8b27f2cafe0f5a91506e99afdd8","registry.terraform.io/hashicorp/aws","5.100.0","~> 5.0"
"dataset/main/candidates/geniac","complex__claude-opus-4-6-cot__complex-aws-tf-002","PASS","dataset/main/candidates/geniac/complex__claude-opus-4-6-cot__complex-aws-tf-002/.terraform.lock.hcl","true","503a62821e10c5dcdad75707937a6b23cf1d384a18c45cabf4e4a4b3485d3c4e","registry.terraform.io/alekc/kubectl","2.4.1","~> 2.0"
"dataset/main/candidates/geniac","complex__claude-opus-4-6-cot__complex-aws-tf-002","PASS","dataset/main/candidates/geniac/complex__claude-opus-4-6-cot__complex-aws-tf-002/.terraform.lock.hcl","true","503a62821e10c5dcdad75707937a6b23cf1d384a18c45cabf4e4a4b3485d3c4e","registry.terraform.io/hashicorp/aws","5.100.0","~> 5.40"
"dataset/main/candidates/geniac","complex__claude-opus-4-6-cot__complex-aws-tf-002","PASS","dataset/main/candidates/geniac/complex__claude-opus-4-6-cot__complex-aws-tf-002/.terraform.lock.hcl","true","503a62821e10c5dcdad75707937a6b23cf1d384a18c45cabf4e4a4b3485d3c4e","registry.terraform.io/hashicorp/helm","2.17.0","~> 2.12"
"dataset/main/candidates/geniac","complex__claude-opus-4-6-cot__complex-aws-tf-002","PASS","dataset/main/candidates/geniac/complex__claude-opus-4-6-cot__complex-aws-tf-002/.terraform.lock.hcl","true","503a62821e10c5dcdad75707937a6b23cf1d384a18c45cabf4e4a4b3485d3c4e","registry.terraform.io/hashicorp/kubernetes","2.38.0","~> 2.27"
"dataset/main/candidates/geniac","complex__claude-opus-4-6-cot__complex-aws-tf-002","PASS","dataset/main/candidates/geniac/complex__claude-opus-4-6-cot__complex-aws-tf-002/.terraform.lock.hcl","true","503a62821e10c5dcdad75707937a6b23cf1d384a18c45cabf4e4a4b3485d3c4e","registry.terraform.io/hashicorp/tls","4.4.1","~> 4.0"
"dataset/main/candidates/geniac","complex__claude-opus-4-6-cot__complex-aws-tf-003","VALIDATE_FAILED","dataset/main/candidates/geniac/complex__claude-opus-4-6-cot__complex-aws-tf-003/.terraform.lock.hcl","true","e6794c499dda7238f9eecb9b8b7fb7ebd3b5da131dc35fbac787ace911f79724","registry.terraform.io/hashicorp/archive","2.8.1",""
"dataset/main/candidates/geniac","complex__claude-opus-4-6-cot__complex-aws-tf-003","VALIDATE_FAILED","dataset/main/candidates/geniac/complex__claude-opus-4-6-cot__complex-aws-tf-003/.terraform.lock.hcl","true","e6794c499dda7238f9eecb9b8b7fb7ebd3b5da131dc35fbac787ace911f79724","registry.terraform.io/hashicorp/aws","5.100.0","~> 5.0"
"dataset/main/candidates/geniac","complex__claude-opus-4-6-cot__complex-aws-tf-006","PASS","dataset/main/candidates/geniac/complex__claude-opus-4-6-cot__complex-aws-tf-006/.terraform.lock.hcl","true","4c666089f19251c562fa001bab814535a963b8b27f2cafe0f5a91506e99afdd8","registry.terraform.io/hashicorp/aws","5.100.0","~> 5.0"
"dataset/main/candidates/geniac","complex__claude-opus-4-6-cot__complex-aws-tf-007","PASS","dataset/main/candidates/geniac/complex__claude-opus-4-6-cot__complex-aws-tf-007/.terraform.lock.hcl","true","1d58029d4a2ddf7eb7054eca5a84f1556a8fef20bf3b479b433a7d55cd732a9e","registry.terraform.io/hashicorp/aws","6.66.0",">= 5.0.0"
"dataset/main/candidates/geniac","complex__claude-opus-4-6-cot__complex-aws-tf-008","INIT_FAILED","dataset/main/candidates/geniac/complex__claude-opus-4-6-cot__complex-aws-tf-008/.terraform.lock.hcl","false","","","",""
"dataset/main/candidates/geniac","complex__claude-opus-4-6-cot__complex-aws-tf-010","PASS","dataset/main/candidates/geniac/complex__claude-opus-4-6-cot__complex-aws-tf-010/.terraform.lock.hcl","true","e6794c499dda7238f9eecb9b8b7fb7ebd3b5da131dc35fbac787ace911f79724","registry.terraform.io/hashicorp/archive","2.8.1",""
"dataset/main/candidates/geniac","complex__claude-opus-4-6-cot__complex-aws-tf-010","PASS","dataset/main/candidates/geniac/complex__claude-opus-4-6-cot__complex-aws-tf-010/.terraform.lock.hcl","true","e6794c499dda7238f9eecb9b8b7fb7ebd3b5da131dc35fbac787ace911f79724","registry.terraform.io/hashicorp/aws","5.100.0","~> 5.0"
"dataset/main/candidates/geniac","complex__claude-opus-4-6-thinking__complex-aws-tf-001","VALIDATE_FAILED","dataset/main/candidates/geniac/complex__claude-opus-4-6-thinking__complex-aws-tf-001/.terraform.lock.hcl","true","ef560634b03543fed0c1fbe9ac3739c6c7a7bae048eba1a97b4eba62513702fa","registry.terraform.io/hashicorp/aws","5.100.0","~> 5.40"
"dataset/main/candidates/geniac","complex__claude-opus-4-6-thinking__complex-aws-tf-002","INIT_FAILED","dataset/main/candidates/geniac/complex__claude-opus-4-6-thinking__complex-aws-tf-002/.terraform.lock.hcl","false","","","",""
"dataset/main/candidates/geniac","complex__claude-opus-4-6-thinking__complex-aws-tf-003","VALIDATE_FAILED","dataset/main/candidates/geniac/complex__claude-opus-4-6-thinking__complex-aws-tf-003/.terraform.lock.hcl","true","c1ddc80b958bc91d9d531e701eb7ebd36c279330cf10f9a5aebb747c964a4b55","registry.terraform.io/hashicorp/archive","2.8.1",""
"dataset/main/candidates/geniac","complex__claude-opus-4-6-thinking__complex-aws-tf-003","VALIDATE_FAILED","dataset/main/candidates/geniac/complex__claude-opus-4-6-thinking__complex-aws-tf-003/.terraform.lock.hcl","true","c1ddc80b958bc91d9d531e701eb7ebd36c279330cf10f9a5aebb747c964a4b55","registry.terraform.io/hashicorp/aws","5.100.0","~> 5.0"
"dataset/main/candidates/geniac","complex__claude-opus-4-6-thinking__complex-aws-tf-003","VALIDATE_FAILED","dataset/main/candidates/geniac/complex__claude-opus-4-6-thinking__complex-aws-tf-003/.terraform.lock.hcl","true","c1ddc80b958bc91d9d531e701eb7ebd36c279330cf10f9a5aebb747c964a4b55","registry.terraform.io/hashicorp/tls","4.4.1","~> 4.0"
"dataset/main/candidates/geniac","complex__claude-opus-4-6-thinking__complex-aws-tf-006","INIT_FAILED","dataset/main/candidates/geniac/complex__claude-opus-4-6-thinking__complex-aws-tf-006/.terraform.lock.hcl","false","","","",""
"dataset/main/candidates/geniac","complex__claude-opus-4-6-thinking__complex-aws-tf-007","PASS","dataset/main/candidates/geniac/complex__claude-opus-4-6-thinking__complex-aws-tf-007/.terraform.lock.hcl","true","ef560634b03543fed0c1fbe9ac3739c6c7a7bae048eba1a97b4eba62513702fa","registry.terraform.io/hashicorp/aws","5.100.0","~> 5.40"
"dataset/main/candidates/geniac","complex__claude-opus-4-6-thinking__complex-aws-tf-008","PASS","dataset/main/candidates/geniac/complex__claude-opus-4-6-thinking__complex-aws-tf-008/.terraform.lock.hcl","true","65c37cca542f62020bfe85f24a101aead94efd88e9685b47d51a03cfafe81bd4","registry.terraform.io/hashicorp/archive","2.8.1",""
"dataset/main/candidates/geniac","complex__claude-opus-4-6-thinking__complex-aws-tf-008","PASS","dataset/main/candidates/geniac/complex__claude-opus-4-6-thinking__complex-aws-tf-008/.terraform.lock.hcl","true","65c37cca542f62020bfe85f24a101aead94efd88e9685b47d51a03cfafe81bd4","registry.terraform.io/hashicorp/aws","5.100.0",">= 4.9.0, >= 4.27.0, >= 5.11.0, ~> 5.40, < 6.0.0"
"dataset/main/candidates/geniac","complex__claude-opus-4-6-thinking__complex-aws-tf-008","PASS","dataset/main/candidates/geniac/complex__claude-opus-4-6-thinking__complex-aws-tf-008/.terraform.lock.hcl","true","65c37cca542f62020bfe85f24a101aead94efd88e9685b47d51a03cfafe81bd4","registry.terraform.io/hashicorp/local","2.9.1",""
"dataset/main/candidates/geniac","complex__claude-opus-4-6-thinking__complex-aws-tf-008","PASS","dataset/main/candidates/geniac/complex__claude-opus-4-6-thinking__complex-aws-tf-008/.terraform.lock.hcl","true","65c37cca542f62020bfe85f24a101aead94efd88e9685b47d51a03cfafe81bd4","registry.terraform.io/hashicorp/random","3.9.1",""
"dataset/main/candidates/geniac","complex__claude-opus-4-6-thinking__complex-aws-tf-008","PASS","dataset/main/candidates/geniac/complex__claude-opus-4-6-thinking__complex-aws-tf-008/.terraform.lock.hcl","true","65c37cca542f62020bfe85f24a101aead94efd88e9685b47d51a03cfafe81bd4","registry.terraform.io/hashicorp/time","0.14.2",""
"dataset/main/candidates/geniac","complex__claude-opus-4-6-thinking__complex-aws-tf-010","PASS","dataset/main/candidates/geniac/complex__claude-opus-4-6-thinking__complex-aws-tf-010/.terraform.lock.hcl","true","d86f211174495ba19f0c2bbfc400254d5692534b6993ef646cfde21b74fc1360","registry.terraform.io/hashicorp/archive","2.8.1",""
"dataset/main/candidates/geniac","complex__claude-opus-4-6-thinking__complex-aws-tf-010","PASS","dataset/main/candidates/geniac/complex__claude-opus-4-6-thinking__complex-aws-tf-010/.terraform.lock.hcl","true","d86f211174495ba19f0c2bbfc400254d5692534b6993ef646cfde21b74fc1360","registry.terraform.io/hashicorp/aws","5.100.0","~> 5.40"
"dataset/main/candidates/geniac","complex__claude-opus-4-6-thinking__complex-aws-tf-010","PASS","dataset/main/candidates/geniac/complex__claude-opus-4-6-thinking__complex-aws-tf-010/.terraform.lock.hcl","true","d86f211174495ba19f0c2bbfc400254d5692534b6993ef646cfde21b74fc1360","registry.terraform.io/hashicorp/kubernetes","2.38.0","~> 2.25"
"dataset/main/candidates/geniac","complex__claude-sonnet-4-6__complex-aws-tf-001","PASS","dataset/main/candidates/geniac/complex__claude-sonnet-4-6__complex-aws-tf-001/.terraform.lock.hcl","true","4c666089f19251c562fa001bab814535a963b8b27f2cafe0f5a91506e99afdd8","registry.terraform.io/hashicorp/aws","5.100.0","~> 5.0"
"dataset/main/candidates/geniac","complex__claude-sonnet-4-6__complex-aws-tf-002","VALIDATE_FAILED","dataset/main/candidates/geniac/complex__claude-sonnet-4-6__complex-aws-tf-002/.terraform.lock.hcl","true","4ef39e73bcece4fc36fb6681f79108aa8ffe1c00380d7b7d90bf5c533c8b3f11","registry.terraform.io/gavinbunney/kubectl","1.19.0","~> 1.14"
"dataset/main/candidates/geniac","complex__claude-sonnet-4-6__complex-aws-tf-002","VALIDATE_FAILED","dataset/main/candidates/geniac/complex__claude-sonnet-4-6__complex-aws-tf-002/.terraform.lock.hcl","true","4ef39e73bcece4fc36fb6681f79108aa8ffe1c00380d7b7d90bf5c533c8b3f11","registry.terraform.io/hashicorp/aws","5.100.0",">= 4.33.0, ~> 5.30, >= 5.79.0, >= 5.95.0, < 6.0.0"
"dataset/main/candidates/geniac","complex__claude-sonnet-4-6__complex-aws-tf-002","VALIDATE_FAILED","dataset/main/candidates/geniac/complex__claude-sonnet-4-6__complex-aws-tf-002/.terraform.lock.hcl","true","4ef39e73bcece4fc36fb6681f79108aa8ffe1c00380d7b7d90bf5c533c8b3f11","registry.terraform.io/hashicorp/cloudinit","2.4.1",">= 2.0.0"
"dataset/main/candidates/geniac","complex__claude-sonnet-4-6__complex-aws-tf-002","VALIDATE_FAILED","dataset/main/candidates/geniac/complex__claude-sonnet-4-6__complex-aws-tf-002/.terraform.lock.hcl","true","4ef39e73bcece4fc36fb6681f79108aa8ffe1c00380d7b7d90bf5c533c8b3f11","registry.terraform.io/hashicorp/helm","2.17.0","~> 2.12"
"dataset/main/candidates/geniac","complex__claude-sonnet-4-6__complex-aws-tf-002","VALIDATE_FAILED","dataset/main/candidates/geniac/complex__claude-sonnet-4-6__complex-aws-tf-002/.terraform.lock.hcl","true","4ef39e73bcece4fc36fb6681f79108aa8ffe1c00380d7b7d90bf5c533c8b3f11","registry.terraform.io/hashicorp/kubernetes","2.38.0","~> 2.24"
"dataset/main/candidates/geniac","complex__claude-sonnet-4-6__complex-aws-tf-002","VALIDATE_FAILED","dataset/main/candidates/geniac/complex__claude-sonnet-4-6__complex-aws-tf-002/.terraform.lock.hcl","true","4ef39e73bcece4fc36fb6681f79108aa8ffe1c00380d7b7d90bf5c533c8b3f11","registry.terraform.io/hashicorp/null","3.3.2",">= 3.0.0"
"dataset/main/candidates/geniac","complex__claude-sonnet-4-6__complex-aws-tf-002","VALIDATE_FAILED","dataset/main/candidates/geniac/complex__claude-sonnet-4-6__complex-aws-tf-002/.terraform.lock.hcl","true","4ef39e73bcece4fc36fb6681f79108aa8ffe1c00380d7b7d90bf5c533c8b3f11","registry.terraform.io/hashicorp/time","0.14.2",">= 0.9.0"
"dataset/main/candidates/geniac","complex__claude-sonnet-4-6__complex-aws-tf-002","VALIDATE_FAILED","dataset/main/candidates/geniac/complex__claude-sonnet-4-6__complex-aws-tf-002/.terraform.lock.hcl","true","4ef39e73bcece4fc36fb6681f79108aa8ffe1c00380d7b7d90bf5c533c8b3f11","registry.terraform.io/hashicorp/tls","4.4.1",">= 3.0.0, ~> 4.0"
"dataset/main/candidates/geniac","complex__claude-sonnet-4-6__complex-aws-tf-003","VALIDATE_FAILED","dataset/main/candidates/geniac/complex__claude-sonnet-4-6__complex-aws-tf-003/.terraform.lock.hcl","true","e6794c499dda7238f9eecb9b8b7fb7ebd3b5da131dc35fbac787ace911f79724","registry.terraform.io/hashicorp/archive","2.8.1",""
"dataset/main/candidates/geniac","complex__claude-sonnet-4-6__complex-aws-tf-003","VALIDATE_FAILED","dataset/main/candidates/geniac/complex__claude-sonnet-4-6__complex-aws-tf-003/.terraform.lock.hcl","true","e6794c499dda7238f9eecb9b8b7fb7ebd3b5da131dc35fbac787ace911f79724","registry.terraform.io/hashicorp/aws","5.100.0","~> 5.0"
"dataset/main/candidates/geniac","complex__claude-sonnet-4-6__complex-aws-tf-006","PASS","dataset/main/candidates/geniac/complex__claude-sonnet-4-6__complex-aws-tf-006/.terraform.lock.hcl","true","a64bf403263ba903e32af6b486603d7f938d29cc7c246eaa27b0a9f6d2fb0160","registry.terraform.io/hashicorp/aws","5.100.0","~> 5.0"
"dataset/main/candidates/geniac","complex__claude-sonnet-4-6__complex-aws-tf-006","PASS","dataset/main/candidates/geniac/complex__claude-sonnet-4-6__complex-aws-tf-006/.terraform.lock.hcl","true","a64bf403263ba903e32af6b486603d7f938d29cc7c246eaa27b0a9f6d2fb0160","registry.terraform.io/hashicorp/random","3.9.1","~> 3.5"
"dataset/main/candidates/geniac","complex__claude-sonnet-4-6__complex-aws-tf-007","VALIDATE_FAILED","dataset/main/candidates/geniac/complex__claude-sonnet-4-6__complex-aws-tf-007/.terraform.lock.hcl","true","4c666089f19251c562fa001bab814535a963b8b27f2cafe0f5a91506e99afdd8","registry.terraform.io/hashicorp/aws","5.100.0","~> 5.0"
"dataset/main/candidates/geniac","complex__claude-sonnet-4-6__complex-aws-tf-008","INIT_FAILED","dataset/main/candidates/geniac/complex__claude-sonnet-4-6__complex-aws-tf-008/.terraform.lock.hcl","false","","","",""
"dataset/main/candidates/geniac","complex__claude-sonnet-4-6__complex-aws-tf-010","INIT_FAILED","dataset/main/candidates/geniac/complex__claude-sonnet-4-6__complex-aws-tf-010/.terraform.lock.hcl","false","","","",""
"dataset/main/candidates/geniac","complex__gemini-3.1-pro__complex-aws-tf-001","INIT_FAILED","dataset/main/candidates/geniac/complex__gemini-3.1-pro__complex-aws-tf-001/.terraform.lock.hcl","false","","","",""
"dataset/main/candidates/geniac","complex__gemini-3.1-pro__complex-aws-tf-002","VALIDATE_FAILED","dataset/main/candidates/geniac/complex__gemini-3.1-pro__complex-aws-tf-002/.terraform.lock.hcl","true","119effb4229cc3f57383cf202c700811a2c636c5857757753284cd1e7e34f991","registry.terraform.io/gavinbunney/kubectl","1.19.0",">= 1.14.0"
"dataset/main/candidates/geniac","complex__gemini-3.1-pro__complex-aws-tf-002","VALIDATE_FAILED","dataset/main/candidates/geniac/complex__gemini-3.1-pro__complex-aws-tf-002/.terraform.lock.hcl","true","119effb4229cc3f57383cf202c700811a2c636c5857757753284cd1e7e34f991","registry.terraform.io/hashicorp/aws","6.66.0",">= 5.0.0"
"dataset/main/candidates/geniac","complex__gemini-3.1-pro__complex-aws-tf-002","VALIDATE_FAILED","dataset/main/candidates/geniac/complex__gemini-3.1-pro__complex-aws-tf-002/.terraform.lock.hcl","true","119effb4229cc3f57383cf202c700811a2c636c5857757753284cd1e7e34f991","registry.terraform.io/hashicorp/helm","3.3.0",">= 2.11.0"
"dataset/main/candidates/geniac","complex__gemini-3.1-pro__complex-aws-tf-002","VALIDATE_FAILED","dataset/main/candidates/geniac/complex__gemini-3.1-pro__complex-aws-tf-002/.terraform.lock.hcl","true","119effb4229cc3f57383cf202c700811a2c636c5857757753284cd1e7e34f991","registry.terraform.io/hashicorp/kubernetes","3.2.1",">= 2.23.0"
"dataset/main/candidates/geniac","complex__gemini-3.1-pro__complex-aws-tf-002","VALIDATE_FAILED","dataset/main/candidates/geniac/complex__gemini-3.1-pro__complex-aws-tf-002/.terraform.lock.hcl","true","119effb4229cc3f57383cf202c700811a2c636c5857757753284cd1e7e34f991","registry.terraform.io/hashicorp/tls","4.4.1",""
"dataset/main/candidates/geniac","complex__gemini-3.1-pro__complex-aws-tf-003","VALIDATE_FAILED","dataset/main/candidates/geniac/complex__gemini-3.1-pro__complex-aws-tf-003/.terraform.lock.hcl","true","4c666089f19251c562fa001bab814535a963b8b27f2cafe0f5a91506e99afdd8","registry.terraform.io/hashicorp/aws","5.100.0","~> 5.0"
"dataset/main/candidates/geniac","complex__gemini-3.1-pro__complex-aws-tf-006","INIT_FAILED","dataset/main/candidates/geniac/complex__gemini-3.1-pro__complex-aws-tf-006/.terraform.lock.hcl","false","","","",""
"dataset/main/candidates/geniac","complex__gemini-3.1-pro__complex-aws-tf-007","PASS","dataset/main/candidates/geniac/complex__gemini-3.1-pro__complex-aws-tf-007/.terraform.lock.hcl","true","4c666089f19251c562fa001bab814535a963b8b27f2cafe0f5a91506e99afdd8","registry.terraform.io/hashicorp/aws","5.100.0","~> 5.0"
"dataset/main/candidates/geniac","complex__gemini-3.1-pro__complex-aws-tf-008","INIT_FAILED","dataset/main/candidates/geniac/complex__gemini-3.1-pro__complex-aws-tf-008/.terraform.lock.hcl","false","","","",""
"dataset/main/candidates/geniac","complex__gemini-3.1-pro__complex-aws-tf-010","PASS","dataset/main/candidates/geniac/complex__gemini-3.1-pro__complex-aws-tf-010/.terraform.lock.hcl","true","a048774ddcc63dd02cb1c39c7085a0d38d97498dc9405e131462d8ae90d06bce","registry.terraform.io/hashicorp/archive","2.8.1","~> 2.0"
"dataset/main/candidates/geniac","complex__gemini-3.1-pro__complex-aws-tf-010","PASS","dataset/main/candidates/geniac/complex__gemini-3.1-pro__complex-aws-tf-010/.terraform.lock.hcl","true","a048774ddcc63dd02cb1c39c7085a0d38d97498dc9405e131462d8ae90d06bce","registry.terraform.io/hashicorp/aws","5.100.0","~> 5.0, >= 5.79.0"
"dataset/main/candidates/geniac","complex__gemini-3.1-pro__complex-aws-tf-010","PASS","dataset/main/candidates/geniac/complex__gemini-3.1-pro__complex-aws-tf-010/.terraform.lock.hcl","true","a048774ddcc63dd02cb1c39c7085a0d38d97498dc9405e131462d8ae90d06bce","registry.terraform.io/hashicorp/random","3.9.1",""
"dataset/main/candidates/geniac","complex__gemini-3.7-flash__complex-aws-tf-001","PASS","dataset/main/candidates/geniac/complex__gemini-3.7-flash__complex-aws-tf-001/.terraform.lock.hcl","true","91aa83fcd65f09f551ccb0965305f7119adc1f0d543ea24411e0660a6230f552","registry.terraform.io/hashicorp/aws","6.66.0",""
"dataset/main/candidates/geniac","complex__gemini-3.7-flash__complex-aws-tf-002","PASS","dataset/main/candidates/geniac/complex__gemini-3.7-flash__complex-aws-tf-002/.terraform.lock.hcl","true","0db5eed04fec046580c2805cc9ac8716cf888af13e870d5366562f5e5d0fd272","registry.terraform.io/hashicorp/aws","5.100.0","~> 5.40"
"dataset/main/candidates/geniac","complex__gemini-3.7-flash__complex-aws-tf-002","PASS","dataset/main/candidates/geniac/complex__gemini-3.7-flash__complex-aws-tf-002/.terraform.lock.hcl","true","0db5eed04fec046580c2805cc9ac8716cf888af13e870d5366562f5e5d0fd272","registry.terraform.io/hashicorp/helm","2.17.0","~> 2.12"
"dataset/main/candidates/geniac","complex__gemini-3.7-flash__complex-aws-tf-002","PASS","dataset/main/candidates/geniac/complex__gemini-3.7-flash__complex-aws-tf-002/.terraform.lock.hcl","true","0db5eed04fec046580c2805cc9ac8716cf888af13e870d5366562f5e5d0fd272","registry.terraform.io/hashicorp/kubernetes","2.38.0","~> 2.26"
"dataset/main/candidates/geniac","complex__gemini-3.7-flash__complex-aws-tf-002","PASS","dataset/main/candidates/geniac/complex__gemini-3.7-flash__complex-aws-tf-002/.terraform.lock.hcl","true","0db5eed04fec046580c2805cc9ac8716cf888af13e870d5366562f5e5d0fd272","registry.terraform.io/hashicorp/tls","4.4.1","~> 4.0"
"dataset/main/candidates/geniac","complex__gemini-3.7-flash__complex-aws-tf-003","VALIDATE_FAILED","dataset/main/candidates/geniac/complex__gemini-3.7-flash__complex-aws-tf-003/.terraform.lock.hcl","true","e6794c499dda7238f9eecb9b8b7fb7ebd3b5da131dc35fbac787ace911f79724","registry.terraform.io/hashicorp/archive","2.8.1",""
"dataset/main/candidates/geniac","complex__gemini-3.7-flash__complex-aws-tf-003","VALIDATE_FAILED","dataset/main/candidates/geniac/complex__gemini-3.7-flash__complex-aws-tf-003/.terraform.lock.hcl","true","e6794c499dda7238f9eecb9b8b7fb7ebd3b5da131dc35fbac787ace911f79724","registry.terraform.io/hashicorp/aws","5.100.0","~> 5.0"
"dataset/main/candidates/geniac","complex__gemini-3.7-flash__complex-aws-tf-006","VALIDATE_FAILED","dataset/main/candidates/geniac/complex__gemini-3.7-flash__complex-aws-tf-006/.terraform.lock.hcl","true","4c666089f19251c562fa001bab814535a963b8b27f2cafe0f5a91506e99afdd8","registry.terraform.io/hashicorp/aws","5.100.0","~> 5.0"
"dataset/main/candidates/geniac","complex__gemini-3.7-flash__complex-aws-tf-007","INIT_FAILED","dataset/main/candidates/geniac/complex__gemini-3.7-flash__complex-aws-tf-007/.terraform.lock.hcl","false","","","",""
"dataset/main/candidates/geniac","complex__gemini-3.7-flash__complex-aws-tf-008","INIT_FAILED","dataset/main/candidates/geniac/complex__gemini-3.7-flash__complex-aws-tf-008/.terraform.lock.hcl","false","","","",""
"dataset/main/candidates/geniac","complex__gemini-3.7-flash__complex-aws-tf-010","PASS","dataset/main/candidates/geniac/complex__gemini-3.7-flash__complex-aws-tf-010/.terraform.lock.hcl","true","429041ecb1b1d509f21972a64d997a67b2cab712d4c2b95ac294c5685aae195e","registry.terraform.io/hashicorp/archive","2.8.1","~> 2.4"
"dataset/main/candidates/geniac","complex__gemini-3.7-flash__complex-aws-tf-010","PASS","dataset/main/candidates/geniac/complex__gemini-3.7-flash__complex-aws-tf-010/.terraform.lock.hcl","true","429041ecb1b1d509f21972a64d997a67b2cab712d4c2b95ac294c5685aae195e","registry.terraform.io/hashicorp/aws","5.100.0","~> 5.40"
"dataset/main/candidates/geniac","complex__gpt-4o__complex-aws-tf-001","VALIDATE_FAILED","dataset/main/candidates/geniac/complex__gpt-4o__complex-aws-tf-001/.terraform.lock.hcl","true","91aa83fcd65f09f551ccb0965305f7119adc1f0d543ea24411e0660a6230f552","registry.terraform.io/hashicorp/aws","6.66.0",""
"dataset/main/candidates/geniac","complex__gpt-4o__complex-aws-tf-002","VALIDATE_FAILED","dataset/main/candidates/geniac/complex__gpt-4o__complex-aws-tf-002/.terraform.lock.hcl","true","fc78d9868a94a4ed238bafa26b35951b74dfd30a14fb49af6b516a59f4cf33bb","registry.terraform.io/hashicorp/aws","6.66.0",""
"dataset/main/candidates/geniac","complex__gpt-4o__complex-aws-tf-002","VALIDATE_FAILED","dataset/main/candidates/geniac/complex__gpt-4o__complex-aws-tf-002/.terraform.lock.hcl","true","fc78d9868a94a4ed238bafa26b35951b74dfd30a14fb49af6b516a59f4cf33bb","registry.terraform.io/hashicorp/kubernetes","3.2.1",""
"dataset/main/candidates/geniac","complex__gpt-4o__complex-aws-tf-003","VALIDATE_FAILED","dataset/main/candidates/geniac/complex__gpt-4o__complex-aws-tf-003/.terraform.lock.hcl","true","91aa83fcd65f09f551ccb0965305f7119adc1f0d543ea24411e0660a6230f552","registry.terraform.io/hashicorp/aws","6.66.0",""
"dataset/main/candidates/geniac","complex__gpt-4o__complex-aws-tf-006","VALIDATE_FAILED","dataset/main/candidates/geniac/complex__gpt-4o__complex-aws-tf-006/.terraform.lock.hcl","true","91aa83fcd65f09f551ccb0965305f7119adc1f0d543ea24411e0660a6230f552","registry.terraform.io/hashicorp/aws","6.66.0",""
"dataset/main/candidates/geniac","complex__gpt-4o__complex-aws-tf-007","VALIDATE_FAILED","dataset/main/candidates/geniac/complex__gpt-4o__complex-aws-tf-007/.terraform.lock.hcl","true","91aa83fcd65f09f551ccb0965305f7119adc1f0d543ea24411e0660a6230f552","registry.terraform.io/hashicorp/aws","6.66.0",""
"dataset/main/candidates/geniac","complex__gpt-4o__complex-aws-tf-008","VALIDATE_FAILED","dataset/main/candidates/geniac/complex__gpt-4o__complex-aws-tf-008/.terraform.lock.hcl","true","91aa83fcd65f09f551ccb0965305f7119adc1f0d543ea24411e0660a6230f552","registry.terraform.io/hashicorp/aws","6.66.0",""
"dataset/main/candidates/geniac","complex__gpt-4o__complex-aws-tf-010","VALIDATE_FAILED","dataset/main/candidates/geniac/complex__gpt-4o__complex-aws-tf-010/.terraform.lock.hcl","true","91aa83fcd65f09f551ccb0965305f7119adc1f0d543ea24411e0660a6230f552","registry.terraform.io/hashicorp/aws","6.66.0",""
"dataset/main/candidates/geniac","complex__gpt-5__complex-aws-tf-001","PASS","dataset/main/candidates/geniac/complex__gpt-5__complex-aws-tf-001/.terraform.lock.hcl","true","6612d9cdbff1c78e1ec7708cd0c6278515d80aacc60360ffae2eaa8c72b84498","registry.terraform.io/hashicorp/aws","6.66.0",">= 5.52.0"
"dataset/main/candidates/geniac","complex__gpt-5__complex-aws-tf-002","VALIDATE_FAILED","dataset/main/candidates/geniac/complex__gpt-5__complex-aws-tf-002/.terraform.lock.hcl","true","877ac9a0fbd773442e06c92790719500a0387127f36498b64ff24f883a0a664c","registry.terraform.io/hashicorp/aws","6.66.0",">= 5.30.0, >= 5.45.0"
"dataset/main/candidates/geniac","complex__gpt-5__complex-aws-tf-002","VALIDATE_FAILED","dataset/main/candidates/geniac/complex__gpt-5__complex-aws-tf-002/.terraform.lock.hcl","true","877ac9a0fbd773442e06c92790719500a0387127f36498b64ff24f883a0a664c","registry.terraform.io/hashicorp/helm","3.3.0",">= 2.12.0"
"dataset/main/candidates/geniac","complex__gpt-5__complex-aws-tf-002","VALIDATE_FAILED","dataset/main/candidates/geniac/complex__gpt-5__complex-aws-tf-002/.terraform.lock.hcl","true","877ac9a0fbd773442e06c92790719500a0387127f36498b64ff24f883a0a664c","registry.terraform.io/hashicorp/kubernetes","3.2.1",">= 2.29.0"
"dataset/main/candidates/geniac","complex__gpt-5__complex-aws-tf-003","VALIDATE_FAILED","dataset/main/candidates/geniac/complex__gpt-5__complex-aws-tf-003/.terraform.lock.hcl","true","0fe87e792ef6027a637d4788839246e8659e83c1062f9d02edb51ffee271b2b8","registry.terraform.io/hashicorp/archive","2.8.1",">= 2.4.0"
"dataset/main/candidates/geniac","complex__gpt-5__complex-aws-tf-003","VALIDATE_FAILED","dataset/main/candidates/geniac/complex__gpt-5__complex-aws-tf-003/.terraform.lock.hcl","true","0fe87e792ef6027a637d4788839246e8659e83c1062f9d02edb51ffee271b2b8","registry.terraform.io/hashicorp/aws","6.66.0",">= 5.40.0"
"dataset/main/candidates/geniac","complex__gpt-5__complex-aws-tf-006","VALIDATE_FAILED","dataset/main/candidates/geniac/complex__gpt-5__complex-aws-tf-006/.terraform.lock.hcl","true","04e0da5dba1358f9292063e0cf5299fe0064336899d68f7d4290c5b4ef5ed764","registry.terraform.io/hashicorp/aws","6.66.0",">= 5.35.0"
"dataset/main/candidates/geniac","complex__gpt-5__complex-aws-tf-006","VALIDATE_FAILED","dataset/main/candidates/geniac/complex__gpt-5__complex-aws-tf-006/.terraform.lock.hcl","true","04e0da5dba1358f9292063e0cf5299fe0064336899d68f7d4290c5b4ef5ed764","registry.terraform.io/hashicorp/random","3.9.1",">= 3.5.0"
"dataset/main/candidates/geniac","complex__gpt-5__complex-aws-tf-007","VALIDATE_FAILED","dataset/main/candidates/geniac/complex__gpt-5__complex-aws-tf-007/.terraform.lock.hcl","true","b3d3ddaebd2810c57c6e229c26797a4a99977bb6a84944359e51b00a279f64e7","registry.terraform.io/hashicorp/aws","6.66.0",">= 5.40.0"
"dataset/main/candidates/geniac","complex__gpt-5__complex-aws-tf-008","VALIDATE_FAILED","dataset/main/candidates/geniac/complex__gpt-5__complex-aws-tf-008/.terraform.lock.hcl","true","0a1603dbf9201a37ee0d49ee74b09a64a561d7c04f4d536dc94877b6f12ebf3a","registry.terraform.io/hashicorp/aws","6.66.0",">= 5.34.0"
"dataset/main/candidates/geniac","complex__gpt-5__complex-aws-tf-010","VALIDATE_FAILED","dataset/main/candidates/geniac/complex__gpt-5__complex-aws-tf-010/.terraform.lock.hcl","true","b640cdc14ccafacc54c89ddfa01e2d4aba6441efb29f171a14cb8a7f194301f6","registry.terraform.io/hashicorp/archive","2.8.1",">= 2.4.0"
"dataset/main/candidates/geniac","complex__gpt-5__complex-aws-tf-010","VALIDATE_FAILED","dataset/main/candidates/geniac/complex__gpt-5__complex-aws-tf-010/.terraform.lock.hcl","true","b640cdc14ccafacc54c89ddfa01e2d4aba6441efb29f171a14cb8a7f194301f6","registry.terraform.io/hashicorp/aws","6.66.0",">= 4.33.0, >= 5.30.0, >= 5.40.0, >= 5.45.0"
"dataset/main/candidates/geniac","complex__gpt-5__complex-aws-tf-010","VALIDATE_FAILED","dataset/main/candidates/geniac/complex__gpt-5__complex-aws-tf-010/.terraform.lock.hcl","true","b640cdc14ccafacc54c89ddfa01e2d4aba6441efb29f171a14cb8a7f194301f6","registry.terraform.io/hashicorp/cloudinit","2.4.1",">= 2.0.0"
"dataset/main/candidates/geniac","complex__gpt-5__complex-aws-tf-010","VALIDATE_FAILED","dataset/main/candidates/geniac/complex__gpt-5__complex-aws-tf-010/.terraform.lock.hcl","true","b640cdc14ccafacc54c89ddfa01e2d4aba6441efb29f171a14cb8a7f194301f6","registry.terraform.io/hashicorp/null","3.3.2",">= 3.0.0"
"dataset/main/candidates/geniac","complex__gpt-5__complex-aws-tf-010","VALIDATE_FAILED","dataset/main/candidates/geniac/complex__gpt-5__complex-aws-tf-010/.terraform.lock.hcl","true","b640cdc14ccafacc54c89ddfa01e2d4aba6441efb29f171a14cb8a7f194301f6","registry.terraform.io/hashicorp/random","3.9.1",">= 3.6.0"
"dataset/main/candidates/geniac","complex__gpt-5__complex-aws-tf-010","VALIDATE_FAILED","dataset/main/candidates/geniac/complex__gpt-5__complex-aws-tf-010/.terraform.lock.hcl","true","b640cdc14ccafacc54c89ddfa01e2d4aba6441efb29f171a14cb8a7f194301f6","registry.terraform.io/hashicorp/time","0.14.2",">= 0.9.0"
"dataset/main/candidates/geniac","complex__gpt-5__complex-aws-tf-010","VALIDATE_FAILED","dataset/main/candidates/geniac/complex__gpt-5__complex-aws-tf-010/.terraform.lock.hcl","true","b640cdc14ccafacc54c89ddfa01e2d4aba6441efb29f171a14cb8a7f194301f6","registry.terraform.io/hashicorp/tls","4.4.1",">= 3.0.0"
"dataset/main/candidates/geniac","complex__gpt-5-thinking__complex-aws-tf-001","VALIDATE_FAILED","dataset/main/candidates/geniac/complex__gpt-5-thinking__complex-aws-tf-001/.terraform.lock.hcl","true","230a778f73e2fc81e5e9d799449e62a0588703639c24a2bfd57bb03bc94d3317","registry.terraform.io/hashicorp/aws","6.66.0",">= 5.30.0"
"dataset/main/candidates/geniac","complex__gpt-5-thinking__complex-aws-tf-002","INIT_FAILED","dataset/main/candidates/geniac/complex__gpt-5-thinking__complex-aws-tf-002/.terraform.lock.hcl","false","","","",""
"dataset/main/candidates/geniac","complex__gpt-5-thinking__complex-aws-tf-003","VALIDATE_FAILED","dataset/main/candidates/geniac/complex__gpt-5-thinking__complex-aws-tf-003/.terraform.lock.hcl","true","f1cac4c348a2b955c9003ff3732218cffb7157e95447ea0aff9a0660538dab00","registry.terraform.io/hashicorp/aws","6.66.0",">= 5.44.0"
"dataset/main/candidates/geniac","complex__gpt-5-thinking__complex-aws-tf-003","VALIDATE_FAILED","dataset/main/candidates/geniac/complex__gpt-5-thinking__complex-aws-tf-003/.terraform.lock.hcl","true","f1cac4c348a2b955c9003ff3732218cffb7157e95447ea0aff9a0660538dab00","registry.terraform.io/hashicorp/random","3.9.1",">= 3.6.0"
"dataset/main/candidates/geniac","complex__gpt-5-thinking__complex-aws-tf-006","INIT_FAILED","dataset/main/candidates/geniac/complex__gpt-5-thinking__complex-aws-tf-006/.terraform.lock.hcl","false","","","",""
"dataset/main/candidates/geniac","complex__gpt-5-thinking__complex-aws-tf-007","VALIDATE_FAILED","dataset/main/candidates/geniac/complex__gpt-5-thinking__complex-aws-tf-007/.terraform.lock.hcl","true","58949320913b2a8c4f2066d0c0c1ddaaabe15b9786801eefa68988f0c3d306e8","registry.terraform.io/hashicorp/aws","6.66.0",">= 5.56.0"
"dataset/main/candidates/geniac","complex__gpt-5-thinking__complex-aws-tf-007","VALIDATE_FAILED","dataset/main/candidates/geniac/complex__gpt-5-thinking__complex-aws-tf-007/.terraform.lock.hcl","true","58949320913b2a8c4f2066d0c0c1ddaaabe15b9786801eefa68988f0c3d306e8","registry.terraform.io/hashicorp/random","3.9.1",">= 3.5.1"
"dataset/main/candidates/geniac","complex__gpt-5-thinking__complex-aws-tf-008","INIT_FAILED","dataset/main/candidates/geniac/complex__gpt-5-thinking__complex-aws-tf-008/.terraform.lock.hcl","false","","","",""
"dataset/main/candidates/geniac","complex__gpt-5-thinking__complex-aws-tf-010","VALIDATE_FAILED","dataset/main/candidates/geniac/complex__gpt-5-thinking__complex-aws-tf-010/.terraform.lock.hcl","true","807b97fa96f5f90cf0c2e66c788336c904f5220dd884d7deade4285e012568ae","registry.terraform.io/hashicorp/archive","2.8.1",">= 2.4.0"
"dataset/main/candidates/geniac","complex__gpt-5-thinking__complex-aws-tf-010","VALIDATE_FAILED","dataset/main/candidates/geniac/complex__gpt-5-thinking__complex-aws-tf-010/.terraform.lock.hcl","true","807b97fa96f5f90cf0c2e66c788336c904f5220dd884d7deade4285e012568ae","registry.terraform.io/hashicorp/aws","6.66.0",">= 5.38.0"
"dataset/main/candidates/geniac","complex__gpt-5-thinking__complex-aws-tf-010","VALIDATE_FAILED","dataset/main/candidates/geniac/complex__gpt-5-thinking__complex-aws-tf-010/.terraform.lock.hcl","true","807b97fa96f5f90cf0c2e66c788336c904f5220dd884d7deade4285e012568ae","registry.terraform.io/hashicorp/tls","4.4.1",""
"dataset/main/candidates/geniac","complex__llama3__complex-aws-tf-001","INIT_FAILED","dataset/main/candidates/geniac/complex__llama3__complex-aws-tf-001/.terraform.lock.hcl","false","","","",""
"dataset/main/candidates/geniac","complex__llama3__complex-aws-tf-003","VALIDATE_FAILED","dataset/main/candidates/geniac/complex__llama3__complex-aws-tf-003/.terraform.lock.hcl","true","91aa83fcd65f09f551ccb0965305f7119adc1f0d543ea24411e0660a6230f552","registry.terraform.io/hashicorp/aws","6.66.0",""
"dataset/main/candidates/geniac","complex__llama3__complex-aws-tf-006","INIT_FAILED","dataset/main/candidates/geniac/complex__llama3__complex-aws-tf-006/.terraform.lock.hcl","false","","","",""
"dataset/main/candidates/geniac","complex__llama3__complex-aws-tf-007","VALIDATE_FAILED","dataset/main/candidates/geniac/complex__llama3__complex-aws-tf-007/.terraform.lock.hcl","true","91aa83fcd65f09f551ccb0965305f7119adc1f0d543ea24411e0660a6230f552","registry.terraform.io/hashicorp/aws","6.66.0",""
"dataset/main/candidates/geniac","complex__llama3__complex-aws-tf-010","INIT_FAILED","dataset/main/candidates/geniac/complex__llama3__complex-aws-tf-010/.terraform.lock.hcl","false","","","",""
"dataset/main/candidates/geniac","complex__mistral__complex-aws-tf-001","INIT_FAILED","dataset/main/candidates/geniac/complex__mistral__complex-aws-tf-001/.terraform.lock.hcl","false","","","",""
"dataset/main/candidates/geniac","complex__mistral__complex-aws-tf-003","INIT_FAILED","dataset/main/candidates/geniac/complex__mistral__complex-aws-tf-003/.terraform.lock.hcl","false","","","",""
"dataset/main/candidates/geniac","complex__mistral__complex-aws-tf-006","VALIDATE_FAILED","dataset/main/candidates/geniac/complex__mistral__complex-aws-tf-006/.terraform.lock.hcl","true","8ef6a54c10df003ba399e1464560208e459e56568a79823e61faa69722c05ff7","registry.terraform.io/hashicorp/aws","6.66.0",""
"dataset/main/candidates/geniac","complex__mistral__complex-aws-tf-006","VALIDATE_FAILED","dataset/main/candidates/geniac/complex__mistral__complex-aws-tf-006/.terraform.lock.hcl","true","8ef6a54c10df003ba399e1464560208e459e56568a79823e61faa69722c05ff7","registry.terraform.io/hashicorp/random","3.9.1",""
"dataset/main/candidates/geniac","complex__mistral__complex-aws-tf-007","INIT_FAILED","dataset/main/candidates/geniac/complex__mistral__complex-aws-tf-007/.terraform.lock.hcl","false","","","",""
"dataset/main/candidates/geniac","complex__mistral__complex-aws-tf-008","INIT_FAILED","dataset/main/candidates/geniac/complex__mistral__complex-aws-tf-008/.terraform.lock.hcl","false","","","",""
"dataset/main/candidates/geniac","complex__mistral__complex-aws-tf-010","INIT_FAILED","dataset/main/candidates/geniac/complex__mistral__complex-aws-tf-010/.terraform.lock.hcl","false","","","",""
"dataset/main/candidates/geniac","complex__phi3__complex-aws-tf-001","INIT_FAILED","dataset/main/candidates/geniac/complex__phi3__complex-aws-tf-001/.terraform.lock.hcl","false","","","",""
"dataset/main/candidates/geniac","complex__phi3__complex-aws-tf-002","INIT_FAILED","dataset/main/candidates/geniac/complex__phi3__complex-aws-tf-002/.terraform.lock.hcl","false","","","",""
"dataset/main/candidates/geniac","simple__claude-opus-4-6__aws-tf-001","PASS","dataset/main/candidates/geniac/simple__claude-opus-4-6__aws-tf-001/.terraform.lock.hcl","true","8ef6a54c10df003ba399e1464560208e459e56568a79823e61faa69722c05ff7","registry.terraform.io/hashicorp/aws","6.66.0",""
"dataset/main/candidates/geniac","simple__claude-opus-4-6__aws-tf-001","PASS","dataset/main/candidates/geniac/simple__claude-opus-4-6__aws-tf-001/.terraform.lock.hcl","true","8ef6a54c10df003ba399e1464560208e459e56568a79823e61faa69722c05ff7","registry.terraform.io/hashicorp/random","3.9.1",""
"dataset/main/candidates/geniac","simple__claude-opus-4-6__aws-tf-002","PASS","dataset/main/candidates/geniac/simple__claude-opus-4-6__aws-tf-002/.terraform.lock.hcl","true","91aa83fcd65f09f551ccb0965305f7119adc1f0d543ea24411e0660a6230f552","registry.terraform.io/hashicorp/aws","6.66.0",""
"dataset/main/candidates/geniac","simple__claude-opus-4-6__aws-tf-003","PASS","dataset/main/candidates/geniac/simple__claude-opus-4-6__aws-tf-003/.terraform.lock.hcl","true","4c666089f19251c562fa001bab814535a963b8b27f2cafe0f5a91506e99afdd8","registry.terraform.io/hashicorp/aws","5.100.0","~> 5.0"
"dataset/main/candidates/geniac","simple__claude-opus-4-6__aws-tf-004","PASS","dataset/main/candidates/geniac/simple__claude-opus-4-6__aws-tf-004/.terraform.lock.hcl","true","4c666089f19251c562fa001bab814535a963b8b27f2cafe0f5a91506e99afdd8","registry.terraform.io/hashicorp/aws","5.100.0","~> 5.0"
"dataset/main/candidates/geniac","simple__claude-opus-4-6__aws-tf-005","PASS","dataset/main/candidates/geniac/simple__claude-opus-4-6__aws-tf-005/.terraform.lock.hcl","true","4c666089f19251c562fa001bab814535a963b8b27f2cafe0f5a91506e99afdd8","registry.terraform.io/hashicorp/aws","5.100.0","~> 5.0"
"dataset/main/candidates/geniac","simple__claude-opus-4-6__aws-tf-006","PASS","dataset/main/candidates/geniac/simple__claude-opus-4-6__aws-tf-006/.terraform.lock.hcl","true","4c666089f19251c562fa001bab814535a963b8b27f2cafe0f5a91506e99afdd8","registry.terraform.io/hashicorp/aws","5.100.0","~> 5.0"
"dataset/main/candidates/geniac","simple__claude-opus-4-6__aws-tf-007","PASS","dataset/main/candidates/geniac/simple__claude-opus-4-6__aws-tf-007/.terraform.lock.hcl","true","91aa83fcd65f09f551ccb0965305f7119adc1f0d543ea24411e0660a6230f552","registry.terraform.io/hashicorp/aws","6.66.0",""
"dataset/main/candidates/geniac","simple__claude-opus-4-6__aws-tf-008","PASS","dataset/main/candidates/geniac/simple__claude-opus-4-6__aws-tf-008/.terraform.lock.hcl","true","66f0bdcaa4cdc8a18e40f124942995cd422ea2c3697ba2c912b2e54b759230a2","registry.terraform.io/hashicorp/archive","2.8.1",""
"dataset/main/candidates/geniac","simple__claude-opus-4-6__aws-tf-008","PASS","dataset/main/candidates/geniac/simple__claude-opus-4-6__aws-tf-008/.terraform.lock.hcl","true","66f0bdcaa4cdc8a18e40f124942995cd422ea2c3697ba2c912b2e54b759230a2","registry.terraform.io/hashicorp/aws","6.66.0",">= 5.0.0"
"dataset/main/candidates/geniac","simple__claude-opus-4-6__aws-tf-009","PASS","dataset/main/candidates/geniac/simple__claude-opus-4-6__aws-tf-009/.terraform.lock.hcl","true","91aa83fcd65f09f551ccb0965305f7119adc1f0d543ea24411e0660a6230f552","registry.terraform.io/hashicorp/aws","6.66.0",""
"dataset/main/candidates/geniac","simple__claude-opus-4-6__aws-tf-010","PASS","dataset/main/candidates/geniac/simple__claude-opus-4-6__aws-tf-010/.terraform.lock.hcl","true","4c666089f19251c562fa001bab814535a963b8b27f2cafe0f5a91506e99afdd8","registry.terraform.io/hashicorp/aws","5.100.0","~> 5.0"
"dataset/main/candidates/geniac","simple__claude-opus-4-6-cot__aws-tf-001","PASS","dataset/main/candidates/geniac/simple__claude-opus-4-6-cot__aws-tf-001/.terraform.lock.hcl","true","2648d15aee4b06352c30e21c065797d0ded5ba41d6c1da4fe9e18dd523a3056e","registry.terraform.io/hashicorp/aws","6.66.0",">= 4.0.0"
"dataset/main/candidates/geniac","simple__claude-opus-4-6-cot__aws-tf-002","PASS","dataset/main/candidates/geniac/simple__claude-opus-4-6-cot__aws-tf-002/.terraform.lock.hcl","true","1d58029d4a2ddf7eb7054eca5a84f1556a8fef20bf3b479b433a7d55cd732a9e","registry.terraform.io/hashicorp/aws","6.66.0",">= 5.0.0"
"dataset/main/candidates/geniac","simple__claude-opus-4-6-cot__aws-tf-003","PASS","dataset/main/candidates/geniac/simple__claude-opus-4-6-cot__aws-tf-003/.terraform.lock.hcl","true","4c666089f19251c562fa001bab814535a963b8b27f2cafe0f5a91506e99afdd8","registry.terraform.io/hashicorp/aws","5.100.0","~> 5.0"
"dataset/main/candidates/geniac","simple__claude-opus-4-6-cot__aws-tf-004","PASS","dataset/main/candidates/geniac/simple__claude-opus-4-6-cot__aws-tf-004/.terraform.lock.hcl","true","4c666089f19251c562fa001bab814535a963b8b27f2cafe0f5a91506e99afdd8","registry.terraform.io/hashicorp/aws","5.100.0","~> 5.0"
"dataset/main/candidates/geniac","simple__claude-opus-4-6-cot__aws-tf-005","PASS","dataset/main/candidates/geniac/simple__claude-opus-4-6-cot__aws-tf-005/.terraform.lock.hcl","true","4c666089f19251c562fa001bab814535a963b8b27f2cafe0f5a91506e99afdd8","registry.terraform.io/hashicorp/aws","5.100.0","~> 5.0"
"dataset/main/candidates/geniac","simple__claude-opus-4-6-cot__aws-tf-006","PASS","dataset/main/candidates/geniac/simple__claude-opus-4-6-cot__aws-tf-006/.terraform.lock.hcl","true","1d58029d4a2ddf7eb7054eca5a84f1556a8fef20bf3b479b433a7d55cd732a9e","registry.terraform.io/hashicorp/aws","6.66.0",">= 5.0.0"
"dataset/main/candidates/geniac","simple__claude-opus-4-6-cot__aws-tf-007","PASS","dataset/main/candidates/geniac/simple__claude-opus-4-6-cot__aws-tf-007/.terraform.lock.hcl","true","2648d15aee4b06352c30e21c065797d0ded5ba41d6c1da4fe9e18dd523a3056e","registry.terraform.io/hashicorp/aws","6.66.0",">= 4.0.0"
"dataset/main/candidates/geniac","simple__claude-opus-4-6-cot__aws-tf-008","PASS","dataset/main/candidates/geniac/simple__claude-opus-4-6-cot__aws-tf-008/.terraform.lock.hcl","true","66f0bdcaa4cdc8a18e40f124942995cd422ea2c3697ba2c912b2e54b759230a2","registry.terraform.io/hashicorp/archive","2.8.1",""
"dataset/main/candidates/geniac","simple__claude-opus-4-6-cot__aws-tf-008","PASS","dataset/main/candidates/geniac/simple__claude-opus-4-6-cot__aws-tf-008/.terraform.lock.hcl","true","66f0bdcaa4cdc8a18e40f124942995cd422ea2c3697ba2c912b2e54b759230a2","registry.terraform.io/hashicorp/aws","6.66.0",">= 5.0.0"
"dataset/main/candidates/geniac","simple__claude-opus-4-6-cot__aws-tf-009","PASS","dataset/main/candidates/geniac/simple__claude-opus-4-6-cot__aws-tf-009/.terraform.lock.hcl","true","91aa83fcd65f09f551ccb0965305f7119adc1f0d543ea24411e0660a6230f552","registry.terraform.io/hashicorp/aws","6.66.0",""
"dataset/main/candidates/geniac","simple__claude-opus-4-6-cot__aws-tf-010","PASS","dataset/main/candidates/geniac/simple__claude-opus-4-6-cot__aws-tf-010/.terraform.lock.hcl","true","1d58029d4a2ddf7eb7054eca5a84f1556a8fef20bf3b479b433a7d55cd732a9e","registry.terraform.io/hashicorp/aws","6.66.0",">= 5.0.0"
"dataset/main/candidates/geniac","simple__claude-opus-4-6-thinking__aws-tf-001","PASS","dataset/main/candidates/geniac/simple__claude-opus-4-6-thinking__aws-tf-001/.terraform.lock.hcl","true","4c666089f19251c562fa001bab814535a963b8b27f2cafe0f5a91506e99afdd8","registry.terraform.io/hashicorp/aws","5.100.0","~> 5.0"
"dataset/main/candidates/geniac","simple__claude-opus-4-6-thinking__aws-tf-002","PASS","dataset/main/candidates/geniac/simple__claude-opus-4-6-thinking__aws-tf-002/.terraform.lock.hcl","true","1d58029d4a2ddf7eb7054eca5a84f1556a8fef20bf3b479b433a7d55cd732a9e","registry.terraform.io/hashicorp/aws","6.66.0",">= 5.0.0"
"dataset/main/candidates/geniac","simple__claude-opus-4-6-thinking__aws-tf-003","PASS","dataset/main/candidates/geniac/simple__claude-opus-4-6-thinking__aws-tf-003/.terraform.lock.hcl","true","4c666089f19251c562fa001bab814535a963b8b27f2cafe0f5a91506e99afdd8","registry.terraform.io/hashicorp/aws","5.100.0","~> 5.0"
"dataset/main/candidates/geniac","simple__claude-opus-4-6-thinking__aws-tf-004","PASS","dataset/main/candidates/geniac/simple__claude-opus-4-6-thinking__aws-tf-004/.terraform.lock.hcl","true","4c666089f19251c562fa001bab814535a963b8b27f2cafe0f5a91506e99afdd8","registry.terraform.io/hashicorp/aws","5.100.0","~> 5.0"
"dataset/main/candidates/geniac","simple__claude-opus-4-6-thinking__aws-tf-005","PASS","dataset/main/candidates/geniac/simple__claude-opus-4-6-thinking__aws-tf-005/.terraform.lock.hcl","true","4c666089f19251c562fa001bab814535a963b8b27f2cafe0f5a91506e99afdd8","registry.terraform.io/hashicorp/aws","5.100.0","~> 5.0"
"dataset/main/candidates/geniac","simple__claude-opus-4-6-thinking__aws-tf-006","PASS","dataset/main/candidates/geniac/simple__claude-opus-4-6-thinking__aws-tf-006/.terraform.lock.hcl","true","4c666089f19251c562fa001bab814535a963b8b27f2cafe0f5a91506e99afdd8","registry.terraform.io/hashicorp/aws","5.100.0","~> 5.0"
"dataset/main/candidates/geniac","simple__claude-opus-4-6-thinking__aws-tf-007","PASS","dataset/main/candidates/geniac/simple__claude-opus-4-6-thinking__aws-tf-007/.terraform.lock.hcl","true","91aa83fcd65f09f551ccb0965305f7119adc1f0d543ea24411e0660a6230f552","registry.terraform.io/hashicorp/aws","6.66.0",""
"dataset/main/candidates/geniac","simple__claude-opus-4-6-thinking__aws-tf-008","PASS","dataset/main/candidates/geniac/simple__claude-opus-4-6-thinking__aws-tf-008/.terraform.lock.hcl","true","d7ddc123014310541d3de7c3716ce68dd0314fd29273d6636c693eff9e6ff251","registry.terraform.io/hashicorp/archive","2.8.1","~> 2.0"
"dataset/main/candidates/geniac","simple__claude-opus-4-6-thinking__aws-tf-008","PASS","dataset/main/candidates/geniac/simple__claude-opus-4-6-thinking__aws-tf-008/.terraform.lock.hcl","true","d7ddc123014310541d3de7c3716ce68dd0314fd29273d6636c693eff9e6ff251","registry.terraform.io/hashicorp/aws","5.100.0","~> 5.0"
"dataset/main/candidates/geniac","simple__claude-opus-4-6-thinking__aws-tf-008","PASS","dataset/main/candidates/geniac/simple__claude-opus-4-6-thinking__aws-tf-008/.terraform.lock.hcl","true","d7ddc123014310541d3de7c3716ce68dd0314fd29273d6636c693eff9e6ff251","registry.terraform.io/hashicorp/local","2.9.1",""
"dataset/main/candidates/geniac","simple__claude-opus-4-6-thinking__aws-tf-009","PASS","dataset/main/candidates/geniac/simple__claude-opus-4-6-thinking__aws-tf-009/.terraform.lock.hcl","true","91aa83fcd65f09f551ccb0965305f7119adc1f0d543ea24411e0660a6230f552","registry.terraform.io/hashicorp/aws","6.66.0",""
"dataset/main/candidates/geniac","simple__claude-opus-4-6-thinking__aws-tf-010","PASS","dataset/main/candidates/geniac/simple__claude-opus-4-6-thinking__aws-tf-010/.terraform.lock.hcl","true","4c666089f19251c562fa001bab814535a963b8b27f2cafe0f5a91506e99afdd8","registry.terraform.io/hashicorp/aws","5.100.0","~> 5.0"
"dataset/main/candidates/geniac","simple__claude-sonnet-4-6__aws-tf-001","PASS","dataset/main/candidates/geniac/simple__claude-sonnet-4-6__aws-tf-001/.terraform.lock.hcl","true","4c666089f19251c562fa001bab814535a963b8b27f2cafe0f5a91506e99afdd8","registry.terraform.io/hashicorp/aws","5.100.0","~> 5.0"
"dataset/main/candidates/geniac","simple__claude-sonnet-4-6__aws-tf-002","PASS","dataset/main/candidates/geniac/simple__claude-sonnet-4-6__aws-tf-002/.terraform.lock.hcl","true","4c666089f19251c562fa001bab814535a963b8b27f2cafe0f5a91506e99afdd8","registry.terraform.io/hashicorp/aws","5.100.0","~> 5.0"
"dataset/main/candidates/geniac","simple__claude-sonnet-4-6__aws-tf-003","PASS","dataset/main/candidates/geniac/simple__claude-sonnet-4-6__aws-tf-003/.terraform.lock.hcl","true","4c666089f19251c562fa001bab814535a963b8b27f2cafe0f5a91506e99afdd8","registry.terraform.io/hashicorp/aws","5.100.0","~> 5.0"
"dataset/main/candidates/geniac","simple__claude-sonnet-4-6__aws-tf-004","PASS","dataset/main/candidates/geniac/simple__claude-sonnet-4-6__aws-tf-004/.terraform.lock.hcl","true","4c666089f19251c562fa001bab814535a963b8b27f2cafe0f5a91506e99afdd8","registry.terraform.io/hashicorp/aws","5.100.0","~> 5.0"
"dataset/main/candidates/geniac","simple__claude-sonnet-4-6__aws-tf-005","PASS","dataset/main/candidates/geniac/simple__claude-sonnet-4-6__aws-tf-005/.terraform.lock.hcl","true","4c666089f19251c562fa001bab814535a963b8b27f2cafe0f5a91506e99afdd8","registry.terraform.io/hashicorp/aws","5.100.0","~> 5.0"
"dataset/main/candidates/geniac","simple__claude-sonnet-4-6__aws-tf-006","PASS","dataset/main/candidates/geniac/simple__claude-sonnet-4-6__aws-tf-006/.terraform.lock.hcl","true","4c666089f19251c562fa001bab814535a963b8b27f2cafe0f5a91506e99afdd8","registry.terraform.io/hashicorp/aws","5.100.0","~> 5.0"
"dataset/main/candidates/geniac","simple__claude-sonnet-4-6__aws-tf-007","PASS","dataset/main/candidates/geniac/simple__claude-sonnet-4-6__aws-tf-007/.terraform.lock.hcl","true","4c666089f19251c562fa001bab814535a963b8b27f2cafe0f5a91506e99afdd8","registry.terraform.io/hashicorp/aws","5.100.0","~> 5.0"
"dataset/main/candidates/geniac","simple__claude-sonnet-4-6__aws-tf-008","VALIDATE_FAILED","dataset/main/candidates/geniac/simple__claude-sonnet-4-6__aws-tf-008/.terraform.lock.hcl","true","d7ddc123014310541d3de7c3716ce68dd0314fd29273d6636c693eff9e6ff251","registry.terraform.io/hashicorp/archive","2.8.1","~> 2.0"
"dataset/main/candidates/geniac","simple__claude-sonnet-4-6__aws-tf-008","VALIDATE_FAILED","dataset/main/candidates/geniac/simple__claude-sonnet-4-6__aws-tf-008/.terraform.lock.hcl","true","d7ddc123014310541d3de7c3716ce68dd0314fd29273d6636c693eff9e6ff251","registry.terraform.io/hashicorp/aws","5.100.0","~> 5.0"
"dataset/main/candidates/geniac","simple__claude-sonnet-4-6__aws-tf-008","VALIDATE_FAILED","dataset/main/candidates/geniac/simple__claude-sonnet-4-6__aws-tf-008/.terraform.lock.hcl","true","d7ddc123014310541d3de7c3716ce68dd0314fd29273d6636c693eff9e6ff251","registry.terraform.io/hashicorp/local","2.9.1",""
"dataset/main/candidates/geniac","simple__claude-sonnet-4-6__aws-tf-009","PASS","dataset/main/candidates/geniac/simple__claude-sonnet-4-6__aws-tf-009/.terraform.lock.hcl","true","4c666089f19251c562fa001bab814535a963b8b27f2cafe0f5a91506e99afdd8","registry.terraform.io/hashicorp/aws","5.100.0","~> 5.0"
"dataset/main/candidates/geniac","simple__claude-sonnet-4-6__aws-tf-010","PASS","dataset/main/candidates/geniac/simple__claude-sonnet-4-6__aws-tf-010/.terraform.lock.hcl","true","c81b174795b39f440c6c594052a91c6eed9e79dd13dfe117cc2dc68a1edff01c","registry.terraform.io/hashicorp/aws","5.100.0","~> 5.0"
"dataset/main/candidates/geniac","simple__claude-sonnet-4-6__aws-tf-010","PASS","dataset/main/candidates/geniac/simple__claude-sonnet-4-6__aws-tf-010/.terraform.lock.hcl","true","c81b174795b39f440c6c594052a91c6eed9e79dd13dfe117cc2dc68a1edff01c","registry.terraform.io/hashicorp/tls","4.4.1","~> 4.0"
"dataset/main/candidates/geniac","simple__gemini-3.1-pro__aws-tf-001","PASS","dataset/main/candidates/geniac/simple__gemini-3.1-pro__aws-tf-001/.terraform.lock.hcl","true","91aa83fcd65f09f551ccb0965305f7119adc1f0d543ea24411e0660a6230f552","registry.terraform.io/hashicorp/aws","6.66.0",""
"dataset/main/candidates/geniac","simple__gemini-3.1-pro__aws-tf-002","PASS","dataset/main/candidates/geniac/simple__gemini-3.1-pro__aws-tf-002/.terraform.lock.hcl","true","91aa83fcd65f09f551ccb0965305f7119adc1f0d543ea24411e0660a6230f552","registry.terraform.io/hashicorp/aws","6.66.0",""
"dataset/main/candidates/geniac","simple__gemini-3.1-pro__aws-tf-003","PASS","dataset/main/candidates/geniac/simple__gemini-3.1-pro__aws-tf-003/.terraform.lock.hcl","true","4c666089f19251c562fa001bab814535a963b8b27f2cafe0f5a91506e99afdd8","registry.terraform.io/hashicorp/aws","5.100.0","~> 5.0"
"dataset/main/candidates/geniac","simple__gemini-3.1-pro__aws-tf-004","PASS","dataset/main/candidates/geniac/simple__gemini-3.1-pro__aws-tf-004/.terraform.lock.hcl","true","4c666089f19251c562fa001bab814535a963b8b27f2cafe0f5a91506e99afdd8","registry.terraform.io/hashicorp/aws","5.100.0","~> 5.0"
"dataset/main/candidates/geniac","simple__gemini-3.1-pro__aws-tf-005","PASS","dataset/main/candidates/geniac/simple__gemini-3.1-pro__aws-tf-005/.terraform.lock.hcl","true","4c666089f19251c562fa001bab814535a963b8b27f2cafe0f5a91506e99afdd8","registry.terraform.io/hashicorp/aws","5.100.0","~> 5.0"
"dataset/main/candidates/geniac","simple__gemini-3.1-pro__aws-tf-006","PASS","dataset/main/candidates/geniac/simple__gemini-3.1-pro__aws-tf-006/.terraform.lock.hcl","true","4c666089f19251c562fa001bab814535a963b8b27f2cafe0f5a91506e99afdd8","registry.terraform.io/hashicorp/aws","5.100.0","~> 5.0"
"dataset/main/candidates/geniac","simple__gemini-3.1-pro__aws-tf-007","PASS","dataset/main/candidates/geniac/simple__gemini-3.1-pro__aws-tf-007/.terraform.lock.hcl","true","91aa83fcd65f09f551ccb0965305f7119adc1f0d543ea24411e0660a6230f552","registry.terraform.io/hashicorp/aws","6.66.0",""
"dataset/main/candidates/geniac","simple__gemini-3.1-pro__aws-tf-008","PASS","dataset/main/candidates/geniac/simple__gemini-3.1-pro__aws-tf-008/.terraform.lock.hcl","true","3db38ca33ebe4d4ea24a36ec3aec949da42eab8578d1b56c179166e6a3947776","registry.terraform.io/hashicorp/archive","2.8.1","~> 2.0"
"dataset/main/candidates/geniac","simple__gemini-3.1-pro__aws-tf-008","PASS","dataset/main/candidates/geniac/simple__gemini-3.1-pro__aws-tf-008/.terraform.lock.hcl","true","3db38ca33ebe4d4ea24a36ec3aec949da42eab8578d1b56c179166e6a3947776","registry.terraform.io/hashicorp/aws","5.100.0","~> 5.0"
"dataset/main/candidates/geniac","simple__gemini-3.1-pro__aws-tf-009","PASS","dataset/main/candidates/geniac/simple__gemini-3.1-pro__aws-tf-009/.terraform.lock.hcl","true","91aa83fcd65f09f551ccb0965305f7119adc1f0d543ea24411e0660a6230f552","registry.terraform.io/hashicorp/aws","6.66.0",""
"dataset/main/candidates/geniac","simple__gemini-3.7-flash__aws-tf-001","PASS","dataset/main/candidates/geniac/simple__gemini-3.7-flash__aws-tf-001/.terraform.lock.hcl","true","4c666089f19251c562fa001bab814535a963b8b27f2cafe0f5a91506e99afdd8","registry.terraform.io/hashicorp/aws","5.100.0","~> 5.0"
"dataset/main/candidates/geniac","simple__gemini-3.7-flash__aws-tf-002","PASS","dataset/main/candidates/geniac/simple__gemini-3.7-flash__aws-tf-002/.terraform.lock.hcl","true","4c666089f19251c562fa001bab814535a963b8b27f2cafe0f5a91506e99afdd8","registry.terraform.io/hashicorp/aws","5.100.0","~> 5.0"
"dataset/main/candidates/geniac","simple__gemini-3.7-flash__aws-tf-003","PASS","dataset/main/candidates/geniac/simple__gemini-3.7-flash__aws-tf-003/.terraform.lock.hcl","true","4c666089f19251c562fa001bab814535a963b8b27f2cafe0f5a91506e99afdd8","registry.terraform.io/hashicorp/aws","5.100.0","~> 5.0"
"dataset/main/candidates/geniac","simple__gemini-3.7-flash__aws-tf-004","PASS","dataset/main/candidates/geniac/simple__gemini-3.7-flash__aws-tf-004/.terraform.lock.hcl","true","4c666089f19251c562fa001bab814535a963b8b27f2cafe0f5a91506e99afdd8","registry.terraform.io/hashicorp/aws","5.100.0","~> 5.0"
"dataset/main/candidates/geniac","simple__gemini-3.7-flash__aws-tf-005","PASS","dataset/main/candidates/geniac/simple__gemini-3.7-flash__aws-tf-005/.terraform.lock.hcl","true","29aa0317c5b58c2fa2ba8a4e8cb7fbddcf3470b4d5615d8ce84c1391e524a96c","registry.terraform.io/hashicorp/aws","5.100.0","~> 5.0"
"dataset/main/candidates/geniac","simple__gemini-3.7-flash__aws-tf-005","PASS","dataset/main/candidates/geniac/simple__gemini-3.7-flash__aws-tf-005/.terraform.lock.hcl","true","29aa0317c5b58c2fa2ba8a4e8cb7fbddcf3470b4d5615d8ce84c1391e524a96c","registry.terraform.io/hashicorp/random","3.9.1","~> 3.0"
"dataset/main/candidates/geniac","simple__gemini-3.7-flash__aws-tf-006","PASS","dataset/main/candidates/geniac/simple__gemini-3.7-flash__aws-tf-006/.terraform.lock.hcl","true","4c666089f19251c562fa001bab814535a963b8b27f2cafe0f5a91506e99afdd8","registry.terraform.io/hashicorp/aws","5.100.0","~> 5.0"
"dataset/main/candidates/geniac","simple__gemini-3.7-flash__aws-tf-007","PASS","dataset/main/candidates/geniac/simple__gemini-3.7-flash__aws-tf-007/.terraform.lock.hcl","true","91aa83fcd65f09f551ccb0965305f7119adc1f0d543ea24411e0660a6230f552","registry.terraform.io/hashicorp/aws","6.66.0",""
"dataset/main/candidates/geniac","simple__gemini-3.7-flash__aws-tf-008","PASS","dataset/main/candidates/geniac/simple__gemini-3.7-flash__aws-tf-008/.terraform.lock.hcl","true","cea8498326ff5a0cc78930e778686e809e17557666db864e084d89dfaa64ea95","registry.terraform.io/hashicorp/archive","2.8.1","~> 2.4"
"dataset/main/candidates/geniac","simple__gemini-3.7-flash__aws-tf-008","PASS","dataset/main/candidates/geniac/simple__gemini-3.7-flash__aws-tf-008/.terraform.lock.hcl","true","cea8498326ff5a0cc78930e778686e809e17557666db864e084d89dfaa64ea95","registry.terraform.io/hashicorp/aws","5.100.0","~> 5.0"
"dataset/main/candidates/geniac","simple__gemini-3.7-flash__aws-tf-009","PASS","dataset/main/candidates/geniac/simple__gemini-3.7-flash__aws-tf-009/.terraform.lock.hcl","true","91aa83fcd65f09f551ccb0965305f7119adc1f0d543ea24411e0660a6230f552","registry.terraform.io/hashicorp/aws","6.66.0",""
"dataset/main/candidates/geniac","simple__gemini-3.7-flash__aws-tf-010","PASS","dataset/main/candidates/geniac/simple__gemini-3.7-flash__aws-tf-010/.terraform.lock.hcl","true","4c666089f19251c562fa001bab814535a963b8b27f2cafe0f5a91506e99afdd8","registry.terraform.io/hashicorp/aws","5.100.0","~> 5.0"
"dataset/main/candidates/geniac","simple__gpt-4o__aws-tf-001","PASS","dataset/main/candidates/geniac/simple__gpt-4o__aws-tf-001/.terraform.lock.hcl","true","91aa83fcd65f09f551ccb0965305f7119adc1f0d543ea24411e0660a6230f552","registry.terraform.io/hashicorp/aws","6.66.0",""
"dataset/main/candidates/geniac","simple__gpt-4o__aws-tf-002","PASS","dataset/main/candidates/geniac/simple__gpt-4o__aws-tf-002/.terraform.lock.hcl","true","91aa83fcd65f09f551ccb0965305f7119adc1f0d543ea24411e0660a6230f552","registry.terraform.io/hashicorp/aws","6.66.0",""
"dataset/main/candidates/geniac","simple__gpt-4o__aws-tf-003","PASS","dataset/main/candidates/geniac/simple__gpt-4o__aws-tf-003/.terraform.lock.hcl","true","91aa83fcd65f09f551ccb0965305f7119adc1f0d543ea24411e0660a6230f552","registry.terraform.io/hashicorp/aws","6.66.0",""
"dataset/main/candidates/geniac","simple__gpt-4o__aws-tf-004","PASS","dataset/main/candidates/geniac/simple__gpt-4o__aws-tf-004/.terraform.lock.hcl","true","91aa83fcd65f09f551ccb0965305f7119adc1f0d543ea24411e0660a6230f552","registry.terraform.io/hashicorp/aws","6.66.0",""
"dataset/main/candidates/geniac","simple__gpt-4o__aws-tf-005","VALIDATE_FAILED","dataset/main/candidates/geniac/simple__gpt-4o__aws-tf-005/.terraform.lock.hcl","true","91aa83fcd65f09f551ccb0965305f7119adc1f0d543ea24411e0660a6230f552","registry.terraform.io/hashicorp/aws","6.66.0",""
"dataset/main/candidates/geniac","simple__gpt-4o__aws-tf-006","PASS","dataset/main/candidates/geniac/simple__gpt-4o__aws-tf-006/.terraform.lock.hcl","true","91aa83fcd65f09f551ccb0965305f7119adc1f0d543ea24411e0660a6230f552","registry.terraform.io/hashicorp/aws","6.66.0",""
"dataset/main/candidates/geniac","simple__gpt-4o__aws-tf-007","PASS","dataset/main/candidates/geniac/simple__gpt-4o__aws-tf-007/.terraform.lock.hcl","true","91aa83fcd65f09f551ccb0965305f7119adc1f0d543ea24411e0660a6230f552","registry.terraform.io/hashicorp/aws","6.66.0",""
"dataset/main/candidates/geniac","simple__gpt-4o__aws-tf-008","VALIDATE_FAILED","dataset/main/candidates/geniac/simple__gpt-4o__aws-tf-008/.terraform.lock.hcl","true","91aa83fcd65f09f551ccb0965305f7119adc1f0d543ea24411e0660a6230f552","registry.terraform.io/hashicorp/aws","6.66.0",""
"dataset/main/candidates/geniac","simple__gpt-4o__aws-tf-009","PASS","dataset/main/candidates/geniac/simple__gpt-4o__aws-tf-009/.terraform.lock.hcl","true","91aa83fcd65f09f551ccb0965305f7119adc1f0d543ea24411e0660a6230f552","registry.terraform.io/hashicorp/aws","6.66.0",""
"dataset/main/candidates/geniac","simple__gpt-4o__aws-tf-010","PASS","dataset/main/candidates/geniac/simple__gpt-4o__aws-tf-010/.terraform.lock.hcl","true","91aa83fcd65f09f551ccb0965305f7119adc1f0d543ea24411e0660a6230f552","registry.terraform.io/hashicorp/aws","6.66.0",""
"dataset/main/candidates/geniac","simple__gpt-5__aws-tf-001","PASS","dataset/main/candidates/geniac/simple__gpt-5__aws-tf-001/.terraform.lock.hcl","true","1d58029d4a2ddf7eb7054eca5a84f1556a8fef20bf3b479b433a7d55cd732a9e","registry.terraform.io/hashicorp/aws","6.66.0",">= 5.0.0"
"dataset/main/candidates/geniac","simple__gpt-5__aws-tf-002","PASS","dataset/main/candidates/geniac/simple__gpt-5__aws-tf-002/.terraform.lock.hcl","true","1d58029d4a2ddf7eb7054eca5a84f1556a8fef20bf3b479b433a7d55cd732a9e","registry.terraform.io/hashicorp/aws","6.66.0",">= 5.0.0"
"dataset/main/candidates/geniac","simple__gpt-5__aws-tf-003","PASS","dataset/main/candidates/geniac/simple__gpt-5__aws-tf-003/.terraform.lock.hcl","true","4c666089f19251c562fa001bab814535a963b8b27f2cafe0f5a91506e99afdd8","registry.terraform.io/hashicorp/aws","5.100.0","~> 5.0"
"dataset/main/candidates/geniac","simple__gpt-5__aws-tf-004","VALIDATE_FAILED","dataset/main/candidates/geniac/simple__gpt-5__aws-tf-004/.terraform.lock.hcl","true","1d58029d4a2ddf7eb7054eca5a84f1556a8fef20bf3b479b433a7d55cd732a9e","registry.terraform.io/hashicorp/aws","6.66.0",">= 5.0.0"
"dataset/main/candidates/geniac","simple__gpt-5__aws-tf-005","PASS","dataset/main/candidates/geniac/simple__gpt-5__aws-tf-005/.terraform.lock.hcl","true","d329b4569d4355f5af6bd43cc2eb27cc520f30311a8d47b0582dba6797b19d0d","registry.terraform.io/hashicorp/aws","6.66.0",">= 5.0.0"
"dataset/main/candidates/geniac","simple__gpt-5__aws-tf-005","PASS","dataset/main/candidates/geniac/simple__gpt-5__aws-tf-005/.terraform.lock.hcl","true","d329b4569d4355f5af6bd43cc2eb27cc520f30311a8d47b0582dba6797b19d0d","registry.terraform.io/hashicorp/random","3.9.1",">= 3.5.0"
"dataset/main/candidates/geniac","simple__gpt-5__aws-tf-006","PASS","dataset/main/candidates/geniac/simple__gpt-5__aws-tf-006/.terraform.lock.hcl","true","1d58029d4a2ddf7eb7054eca5a84f1556a8fef20bf3b479b433a7d55cd732a9e","registry.terraform.io/hashicorp/aws","6.66.0",">= 5.0.0"
"dataset/main/candidates/geniac","simple__gpt-5__aws-tf-007","PASS","dataset/main/candidates/geniac/simple__gpt-5__aws-tf-007/.terraform.lock.hcl","true","4c666089f19251c562fa001bab814535a963b8b27f2cafe0f5a91506e99afdd8","registry.terraform.io/hashicorp/aws","5.100.0","~> 5.0"
"dataset/main/candidates/geniac","simple__gpt-5__aws-tf-008","PASS","dataset/main/candidates/geniac/simple__gpt-5__aws-tf-008/.terraform.lock.hcl","true","39590323210a7935bb2dc801f91813a199f1c9735a241849760c0b50841bc3a8","registry.terraform.io/hashicorp/archive","2.8.1",">= 2.4.0"
"dataset/main/candidates/geniac","simple__gpt-5__aws-tf-008","PASS","dataset/main/candidates/geniac/simple__gpt-5__aws-tf-008/.terraform.lock.hcl","true","39590323210a7935bb2dc801f91813a199f1c9735a241849760c0b50841bc3a8","registry.terraform.io/hashicorp/aws","6.66.0",">= 5.0.0"
"dataset/main/candidates/geniac","simple__gpt-5__aws-tf-009","PASS","dataset/main/candidates/geniac/simple__gpt-5__aws-tf-009/.terraform.lock.hcl","true","1d58029d4a2ddf7eb7054eca5a84f1556a8fef20bf3b479b433a7d55cd732a9e","registry.terraform.io/hashicorp/aws","6.66.0",">= 5.0.0"
"dataset/main/candidates/geniac","simple__gpt-5-thinking__aws-tf-001","PASS","dataset/main/candidates/geniac/simple__gpt-5-thinking__aws-tf-001/.terraform.lock.hcl","true","4c666089f19251c562fa001bab814535a963b8b27f2cafe0f5a91506e99afdd8","registry.terraform.io/hashicorp/aws","5.100.0","~> 5.0"
"dataset/main/candidates/geniac","simple__gpt-5-thinking__aws-tf-002","INIT_FAILED","dataset/main/candidates/geniac/simple__gpt-5-thinking__aws-tf-002/.terraform.lock.hcl","false","","","",""
"dataset/main/candidates/geniac","simple__gpt-5-thinking__aws-tf-003","PASS","dataset/main/candidates/geniac/simple__gpt-5-thinking__aws-tf-003/.terraform.lock.hcl","true","4c666089f19251c562fa001bab814535a963b8b27f2cafe0f5a91506e99afdd8","registry.terraform.io/hashicorp/aws","5.100.0","~> 5.0"
"dataset/main/candidates/geniac","simple__gpt-5-thinking__aws-tf-004","VALIDATE_FAILED","dataset/main/candidates/geniac/simple__gpt-5-thinking__aws-tf-004/.terraform.lock.hcl","true","4c666089f19251c562fa001bab814535a963b8b27f2cafe0f5a91506e99afdd8","registry.terraform.io/hashicorp/aws","5.100.0","~> 5.0"
"dataset/main/candidates/geniac","simple__gpt-5-thinking__aws-tf-005","PASS","dataset/main/candidates/geniac/simple__gpt-5-thinking__aws-tf-005/.terraform.lock.hcl","true","d329b4569d4355f5af6bd43cc2eb27cc520f30311a8d47b0582dba6797b19d0d","registry.terraform.io/hashicorp/aws","6.66.0",">= 5.0.0"
"dataset/main/candidates/geniac","simple__gpt-5-thinking__aws-tf-005","PASS","dataset/main/candidates/geniac/simple__gpt-5-thinking__aws-tf-005/.terraform.lock.hcl","true","d329b4569d4355f5af6bd43cc2eb27cc520f30311a8d47b0582dba6797b19d0d","registry.terraform.io/hashicorp/random","3.9.1",">= 3.5.0"
"dataset/main/candidates/geniac","simple__gpt-5-thinking__aws-tf-006","PASS","dataset/main/candidates/geniac/simple__gpt-5-thinking__aws-tf-006/.terraform.lock.hcl","true","1d58029d4a2ddf7eb7054eca5a84f1556a8fef20bf3b479b433a7d55cd732a9e","registry.terraform.io/hashicorp/aws","6.66.0",">= 5.0.0"
"dataset/main/candidates/geniac","simple__gpt-5-thinking__aws-tf-007","PASS","dataset/main/candidates/geniac/simple__gpt-5-thinking__aws-tf-007/.terraform.lock.hcl","true","1d58029d4a2ddf7eb7054eca5a84f1556a8fef20bf3b479b433a7d55cd732a9e","registry.terraform.io/hashicorp/aws","6.66.0",">= 5.0.0"
"dataset/main/candidates/geniac","simple__gpt-5-thinking__aws-tf-008","PASS","dataset/main/candidates/geniac/simple__gpt-5-thinking__aws-tf-008/.terraform.lock.hcl","true","39590323210a7935bb2dc801f91813a199f1c9735a241849760c0b50841bc3a8","registry.terraform.io/hashicorp/archive","2.8.1",">= 2.4.0"
"dataset/main/candidates/geniac","simple__gpt-5-thinking__aws-tf-008","PASS","dataset/main/candidates/geniac/simple__gpt-5-thinking__aws-tf-008/.terraform.lock.hcl","true","39590323210a7935bb2dc801f91813a199f1c9735a241849760c0b50841bc3a8","registry.terraform.io/hashicorp/aws","6.66.0",">= 5.0.0"
"dataset/main/candidates/geniac","simple__gpt-5-thinking__aws-tf-009","PASS","dataset/main/candidates/geniac/simple__gpt-5-thinking__aws-tf-009/.terraform.lock.hcl","true","1d58029d4a2ddf7eb7054eca5a84f1556a8fef20bf3b479b433a7d55cd732a9e","registry.terraform.io/hashicorp/aws","6.66.0",">= 5.0.0"
"dataset/main/candidates/geniac","simple__llama3__aws-tf-001","VALIDATE_FAILED","dataset/main/candidates/geniac/simple__llama3__aws-tf-001/.terraform.lock.hcl","true","91aa83fcd65f09f551ccb0965305f7119adc1f0d543ea24411e0660a6230f552","registry.terraform.io/hashicorp/aws","6.66.0",""
"dataset/main/candidates/geniac","simple__llama3__aws-tf-002","PASS","dataset/main/candidates/geniac/simple__llama3__aws-tf-002/.terraform.lock.hcl","true","91aa83fcd65f09f551ccb0965305f7119adc1f0d543ea24411e0660a6230f552","registry.terraform.io/hashicorp/aws","6.66.0",""
"dataset/main/candidates/geniac","simple__llama3__aws-tf-003","PASS","dataset/main/candidates/geniac/simple__llama3__aws-tf-003/.terraform.lock.hcl","true","91aa83fcd65f09f551ccb0965305f7119adc1f0d543ea24411e0660a6230f552","registry.terraform.io/hashicorp/aws","6.66.0",""
"dataset/main/candidates/geniac","simple__llama3__aws-tf-004","VALIDATE_FAILED","dataset/main/candidates/geniac/simple__llama3__aws-tf-004/.terraform.lock.hcl","true","f3a590efd5dc747c6c66edca116061ff907fde6799cf485468f06e2a2aa79ec4","registry.terraform.io/hashicorp/aws","3.53.0","3.53.0"
"dataset/main/candidates/geniac","simple__llama3__aws-tf-005","PASS","dataset/main/candidates/geniac/simple__llama3__aws-tf-005/.terraform.lock.hcl","true","91aa83fcd65f09f551ccb0965305f7119adc1f0d543ea24411e0660a6230f552","registry.terraform.io/hashicorp/aws","6.66.0",""
"dataset/main/candidates/geniac","simple__llama3__aws-tf-006","PASS","dataset/main/candidates/geniac/simple__llama3__aws-tf-006/.terraform.lock.hcl","true","91aa83fcd65f09f551ccb0965305f7119adc1f0d543ea24411e0660a6230f552","registry.terraform.io/hashicorp/aws","6.66.0",""
"dataset/main/candidates/geniac","simple__llama3__aws-tf-007","PASS","dataset/main/candidates/geniac/simple__llama3__aws-tf-007/.terraform.lock.hcl","true","91aa83fcd65f09f551ccb0965305f7119adc1f0d543ea24411e0660a6230f552","registry.terraform.io/hashicorp/aws","6.66.0",""
"dataset/main/candidates/geniac","simple__llama3__aws-tf-008","VALIDATE_FAILED","dataset/main/candidates/geniac/simple__llama3__aws-tf-008/.terraform.lock.hcl","true","91aa83fcd65f09f551ccb0965305f7119adc1f0d543ea24411e0660a6230f552","registry.terraform.io/hashicorp/aws","6.66.0",""
"dataset/main/candidates/geniac","simple__llama3__aws-tf-009","VALIDATE_FAILED","dataset/main/candidates/geniac/simple__llama3__aws-tf-009/.terraform.lock.hcl","true","91aa83fcd65f09f551ccb0965305f7119adc1f0d543ea24411e0660a6230f552","registry.terraform.io/hashicorp/aws","6.66.0",""
"dataset/main/candidates/geniac","simple__mistral__aws-tf-001","PASS","dataset/main/candidates/geniac/simple__mistral__aws-tf-001/.terraform.lock.hcl","true","91aa83fcd65f09f551ccb0965305f7119adc1f0d543ea24411e0660a6230f552","registry.terraform.io/hashicorp/aws","6.66.0",""
"dataset/main/candidates/geniac","simple__mistral__aws-tf-002","PASS","dataset/main/candidates/geniac/simple__mistral__aws-tf-002/.terraform.lock.hcl","true","91aa83fcd65f09f551ccb0965305f7119adc1f0d543ea24411e0660a6230f552","registry.terraform.io/hashicorp/aws","6.66.0",""
"dataset/main/candidates/geniac","simple__mistral__aws-tf-003","INIT_FAILED","dataset/main/candidates/geniac/simple__mistral__aws-tf-003/.terraform.lock.hcl","false","","","",""
"dataset/main/candidates/geniac","simple__mistral__aws-tf-004","INIT_FAILED","dataset/main/candidates/geniac/simple__mistral__aws-tf-004/.terraform.lock.hcl","false","","","",""
"dataset/main/candidates/geniac","simple__mistral__aws-tf-005","VALIDATE_FAILED","dataset/main/candidates/geniac/simple__mistral__aws-tf-005/.terraform.lock.hcl","true","91aa83fcd65f09f551ccb0965305f7119adc1f0d543ea24411e0660a6230f552","registry.terraform.io/hashicorp/aws","6.66.0",""
"dataset/main/candidates/geniac","simple__mistral__aws-tf-006","VALIDATE_FAILED","dataset/main/candidates/geniac/simple__mistral__aws-tf-006/.terraform.lock.hcl","true","91aa83fcd65f09f551ccb0965305f7119adc1f0d543ea24411e0660a6230f552","registry.terraform.io/hashicorp/aws","6.66.0",""
"dataset/main/candidates/geniac","simple__mistral__aws-tf-007","VALIDATE_FAILED","dataset/main/candidates/geniac/simple__mistral__aws-tf-007/.terraform.lock.hcl","true","91aa83fcd65f09f551ccb0965305f7119adc1f0d543ea24411e0660a6230f552","registry.terraform.io/hashicorp/aws","6.66.0",""
"dataset/main/candidates/geniac","simple__mistral__aws-tf-008","VALIDATE_FAILED","dataset/main/candidates/geniac/simple__mistral__aws-tf-008/.terraform.lock.hcl","true","0514ecc8413b20d24c41b4aec16cf0801edb9a26a2db3608d013b5a8e5ecfa55","registry.terraform.io/hashicorp/archive","2.8.1",""
"dataset/main/candidates/geniac","simple__mistral__aws-tf-008","VALIDATE_FAILED","dataset/main/candidates/geniac/simple__mistral__aws-tf-008/.terraform.lock.hcl","true","0514ecc8413b20d24c41b4aec16cf0801edb9a26a2db3608d013b5a8e5ecfa55","registry.terraform.io/hashicorp/aws","6.66.0",""
"dataset/main/candidates/geniac","simple__mistral__aws-tf-009","VALIDATE_FAILED","dataset/main/candidates/geniac/simple__mistral__aws-tf-009/.terraform.lock.hcl","true","91aa83fcd65f09f551ccb0965305f7119adc1f0d543ea24411e0660a6230f552","registry.terraform.io/hashicorp/aws","6.66.0",""
"dataset/main/candidates/geniac","simple__mistral__aws-tf-010","INIT_FAILED","dataset/main/candidates/geniac/simple__mistral__aws-tf-010/.terraform.lock.hcl","false","","","",""
"dataset/main/candidates/geniac_hcl","complex__claude-opus-4-6__complex-aws-tf-001","VALIDATE_FAILED","dataset/main/candidates/geniac_hcl/complex__claude-opus-4-6__complex-aws-tf-001/.terraform.lock.hcl","true","4c666089f19251c562fa001bab814535a963b8b27f2cafe0f5a91506e99afdd8","registry.terraform.io/hashicorp/aws","5.100.0","~> 5.0"
"dataset/main/candidates/geniac_hcl","complex__claude-opus-4-6__complex-aws-tf-002","PASS","dataset/main/candidates/geniac_hcl/complex__claude-opus-4-6__complex-aws-tf-002/.terraform.lock.hcl","true","918082a27b5b69ccd15a5e8fd8808d87818d1723242fc1a8c10974c461307d3f","registry.terraform.io/gavinbunney/kubectl","1.19.0","~> 1.14"
"dataset/main/candidates/geniac_hcl","complex__claude-opus-4-6__complex-aws-tf-002","PASS","dataset/main/candidates/geniac_hcl/complex__claude-opus-4-6__complex-aws-tf-002/.terraform.lock.hcl","true","918082a27b5b69ccd15a5e8fd8808d87818d1723242fc1a8c10974c461307d3f","registry.terraform.io/hashicorp/aws","5.100.0","~> 5.40"
"dataset/main/candidates/geniac_hcl","complex__claude-opus-4-6__complex-aws-tf-002","PASS","dataset/main/candidates/geniac_hcl/complex__claude-opus-4-6__complex-aws-tf-002/.terraform.lock.hcl","true","918082a27b5b69ccd15a5e8fd8808d87818d1723242fc1a8c10974c461307d3f","registry.terraform.io/hashicorp/helm","2.17.0","~> 2.12"
"dataset/main/candidates/geniac_hcl","complex__claude-opus-4-6__complex-aws-tf-002","PASS","dataset/main/candidates/geniac_hcl/complex__claude-opus-4-6__complex-aws-tf-002/.terraform.lock.hcl","true","918082a27b5b69ccd15a5e8fd8808d87818d1723242fc1a8c10974c461307d3f","registry.terraform.io/hashicorp/kubernetes","2.38.0","~> 2.27"
"dataset/main/candidates/geniac_hcl","complex__claude-opus-4-6__complex-aws-tf-002","PASS","dataset/main/candidates/geniac_hcl/complex__claude-opus-4-6__complex-aws-tf-002/.terraform.lock.hcl","true","918082a27b5b69ccd15a5e8fd8808d87818d1723242fc1a8c10974c461307d3f","registry.terraform.io/hashicorp/tls","4.4.1","~> 4.0"
"dataset/main/candidates/geniac_hcl","complex__claude-opus-4-6__complex-aws-tf-006","PASS","dataset/main/candidates/geniac_hcl/complex__claude-opus-4-6__complex-aws-tf-006/.terraform.lock.hcl","true","4c666089f19251c562fa001bab814535a963b8b27f2cafe0f5a91506e99afdd8","registry.terraform.io/hashicorp/aws","5.100.0","~> 5.0"
"dataset/main/candidates/geniac_hcl","complex__claude-opus-4-6__complex-aws-tf-007","PASS","dataset/main/candidates/geniac_hcl/complex__claude-opus-4-6__complex-aws-tf-007/.terraform.lock.hcl","true","e6794c499dda7238f9eecb9b8b7fb7ebd3b5da131dc35fbac787ace911f79724","registry.terraform.io/hashicorp/archive","2.8.1",""
"dataset/main/candidates/geniac_hcl","complex__claude-opus-4-6__complex-aws-tf-007","PASS","dataset/main/candidates/geniac_hcl/complex__claude-opus-4-6__complex-aws-tf-007/.terraform.lock.hcl","true","e6794c499dda7238f9eecb9b8b7fb7ebd3b5da131dc35fbac787ace911f79724","registry.terraform.io/hashicorp/aws","5.100.0","~> 5.0"
"dataset/main/candidates/geniac_hcl","complex__claude-opus-4-6__complex-aws-tf-008","VALIDATE_FAILED","dataset/main/candidates/geniac_hcl/complex__claude-opus-4-6__complex-aws-tf-008/.terraform.lock.hcl","true","c270b307fc692fd42ee2cfd569081681451d8b8e7969d77d7ba6761a671eacfe","registry.terraform.io/hashicorp/archive","2.8.1",""
"dataset/main/candidates/geniac_hcl","complex__claude-opus-4-6__complex-aws-tf-008","VALIDATE_FAILED","dataset/main/candidates/geniac_hcl/complex__claude-opus-4-6__complex-aws-tf-008/.terraform.lock.hcl","true","c270b307fc692fd42ee2cfd569081681451d8b8e7969d77d7ba6761a671eacfe","registry.terraform.io/hashicorp/aws","5.100.0",">= 4.9.0, >= 4.27.0, ~> 5.0, >= 5.11.0, < 6.0.0"
"dataset/main/candidates/geniac_hcl","complex__claude-opus-4-6__complex-aws-tf-008","VALIDATE_FAILED","dataset/main/candidates/geniac_hcl/complex__claude-opus-4-6__complex-aws-tf-008/.terraform.lock.hcl","true","c270b307fc692fd42ee2cfd569081681451d8b8e7969d77d7ba6761a671eacfe","registry.terraform.io/hashicorp/local","2.9.1",""
"dataset/main/candidates/geniac_hcl","complex__claude-opus-4-6__complex-aws-tf-008","VALIDATE_FAILED","dataset/main/candidates/geniac_hcl/complex__claude-opus-4-6__complex-aws-tf-008/.terraform.lock.hcl","true","c270b307fc692fd42ee2cfd569081681451d8b8e7969d77d7ba6761a671eacfe","registry.terraform.io/hashicorp/random","3.9.1",""
"dataset/main/candidates/geniac_hcl","complex__claude-opus-4-6__complex-aws-tf-008","VALIDATE_FAILED","dataset/main/candidates/geniac_hcl/complex__claude-opus-4-6__complex-aws-tf-008/.terraform.lock.hcl","true","c270b307fc692fd42ee2cfd569081681451d8b8e7969d77d7ba6761a671eacfe","registry.terraform.io/hashicorp/time","0.14.2",""
"dataset/main/candidates/geniac_hcl","complex__claude-opus-4-6__complex-aws-tf-010","VALIDATE_FAILED","dataset/main/candidates/geniac_hcl/complex__claude-opus-4-6__complex-aws-tf-010/.terraform.lock.hcl","true","e6794c499dda7238f9eecb9b8b7fb7ebd3b5da131dc35fbac787ace911f79724","registry.terraform.io/hashicorp/archive","2.8.1",""
"dataset/main/candidates/geniac_hcl","complex__claude-opus-4-6__complex-aws-tf-010","VALIDATE_FAILED","dataset/main/candidates/geniac_hcl/complex__claude-opus-4-6__complex-aws-tf-010/.terraform.lock.hcl","true","e6794c499dda7238f9eecb9b8b7fb7ebd3b5da131dc35fbac787ace911f79724","registry.terraform.io/hashicorp/aws","5.100.0","~> 5.0"
"dataset/main/candidates/geniac_hcl","complex__claude-opus-4-6-cot__complex-aws-tf-001","VALIDATE_FAILED","dataset/main/candidates/geniac_hcl/complex__claude-opus-4-6-cot__complex-aws-tf-001/.terraform.lock.hcl","true","4c666089f19251c562fa001bab814535a963b8b27f2cafe0f5a91506e99afdd8","registry.terraform.io/hashicorp/aws","5.100.0","~> 5.0"
"dataset/main/candidates/geniac_hcl","complex__claude-opus-4-6-cot__complex-aws-tf-002","PASS","dataset/main/candidates/geniac_hcl/complex__claude-opus-4-6-cot__complex-aws-tf-002/.terraform.lock.hcl","true","503a62821e10c5dcdad75707937a6b23cf1d384a18c45cabf4e4a4b3485d3c4e","registry.terraform.io/alekc/kubectl","2.4.1","~> 2.0"
"dataset/main/candidates/geniac_hcl","complex__claude-opus-4-6-cot__complex-aws-tf-002","PASS","dataset/main/candidates/geniac_hcl/complex__claude-opus-4-6-cot__complex-aws-tf-002/.terraform.lock.hcl","true","503a62821e10c5dcdad75707937a6b23cf1d384a18c45cabf4e4a4b3485d3c4e","registry.terraform.io/hashicorp/aws","5.100.0","~> 5.40"
"dataset/main/candidates/geniac_hcl","complex__claude-opus-4-6-cot__complex-aws-tf-002","PASS","dataset/main/candidates/geniac_hcl/complex__claude-opus-4-6-cot__complex-aws-tf-002/.terraform.lock.hcl","true","503a62821e10c5dcdad75707937a6b23cf1d384a18c45cabf4e4a4b3485d3c4e","registry.terraform.io/hashicorp/helm","2.17.0","~> 2.12"
"dataset/main/candidates/geniac_hcl","complex__claude-opus-4-6-cot__complex-aws-tf-002","PASS","dataset/main/candidates/geniac_hcl/complex__claude-opus-4-6-cot__complex-aws-tf-002/.terraform.lock.hcl","true","503a62821e10c5dcdad75707937a6b23cf1d384a18c45cabf4e4a4b3485d3c4e","registry.terraform.io/hashicorp/kubernetes","2.38.0","~> 2.27"
"dataset/main/candidates/geniac_hcl","complex__claude-opus-4-6-cot__complex-aws-tf-002","PASS","dataset/main/candidates/geniac_hcl/complex__claude-opus-4-6-cot__complex-aws-tf-002/.terraform.lock.hcl","true","503a62821e10c5dcdad75707937a6b23cf1d384a18c45cabf4e4a4b3485d3c4e","registry.terraform.io/hashicorp/tls","4.4.1","~> 4.0"
"dataset/main/candidates/geniac_hcl","complex__claude-opus-4-6-cot__complex-aws-tf-003","VALIDATE_FAILED","dataset/main/candidates/geniac_hcl/complex__claude-opus-4-6-cot__complex-aws-tf-003/.terraform.lock.hcl","true","e6794c499dda7238f9eecb9b8b7fb7ebd3b5da131dc35fbac787ace911f79724","registry.terraform.io/hashicorp/archive","2.8.1",""
"dataset/main/candidates/geniac_hcl","complex__claude-opus-4-6-cot__complex-aws-tf-003","VALIDATE_FAILED","dataset/main/candidates/geniac_hcl/complex__claude-opus-4-6-cot__complex-aws-tf-003/.terraform.lock.hcl","true","e6794c499dda7238f9eecb9b8b7fb7ebd3b5da131dc35fbac787ace911f79724","registry.terraform.io/hashicorp/aws","5.100.0","~> 5.0"
"dataset/main/candidates/geniac_hcl","complex__claude-opus-4-6-cot__complex-aws-tf-006","PASS","dataset/main/candidates/geniac_hcl/complex__claude-opus-4-6-cot__complex-aws-tf-006/.terraform.lock.hcl","true","4c666089f19251c562fa001bab814535a963b8b27f2cafe0f5a91506e99afdd8","registry.terraform.io/hashicorp/aws","5.100.0","~> 5.0"
"dataset/main/candidates/geniac_hcl","complex__claude-opus-4-6-cot__complex-aws-tf-007","PASS","dataset/main/candidates/geniac_hcl/complex__claude-opus-4-6-cot__complex-aws-tf-007/.terraform.lock.hcl","true","1d58029d4a2ddf7eb7054eca5a84f1556a8fef20bf3b479b433a7d55cd732a9e","registry.terraform.io/hashicorp/aws","6.66.0",">= 5.0.0"
"dataset/main/candidates/geniac_hcl","complex__claude-opus-4-6-cot__complex-aws-tf-008","INIT_FAILED","dataset/main/candidates/geniac_hcl/complex__claude-opus-4-6-cot__complex-aws-tf-008/.terraform.lock.hcl","false","","","",""
"dataset/main/candidates/geniac_hcl","complex__claude-opus-4-6-cot__complex-aws-tf-010","PASS","dataset/main/candidates/geniac_hcl/complex__claude-opus-4-6-cot__complex-aws-tf-010/.terraform.lock.hcl","true","e6794c499dda7238f9eecb9b8b7fb7ebd3b5da131dc35fbac787ace911f79724","registry.terraform.io/hashicorp/archive","2.8.1",""
"dataset/main/candidates/geniac_hcl","complex__claude-opus-4-6-cot__complex-aws-tf-010","PASS","dataset/main/candidates/geniac_hcl/complex__claude-opus-4-6-cot__complex-aws-tf-010/.terraform.lock.hcl","true","e6794c499dda7238f9eecb9b8b7fb7ebd3b5da131dc35fbac787ace911f79724","registry.terraform.io/hashicorp/aws","5.100.0","~> 5.0"
"dataset/main/candidates/geniac_hcl","complex__claude-opus-4-6-thinking__complex-aws-tf-001","VALIDATE_FAILED","dataset/main/candidates/geniac_hcl/complex__claude-opus-4-6-thinking__complex-aws-tf-001/.terraform.lock.hcl","true","ef560634b03543fed0c1fbe9ac3739c6c7a7bae048eba1a97b4eba62513702fa","registry.terraform.io/hashicorp/aws","5.100.0","~> 5.40"
"dataset/main/candidates/geniac_hcl","complex__claude-opus-4-6-thinking__complex-aws-tf-002","INIT_FAILED","dataset/main/candidates/geniac_hcl/complex__claude-opus-4-6-thinking__complex-aws-tf-002/.terraform.lock.hcl","false","","","",""
"dataset/main/candidates/geniac_hcl","complex__claude-opus-4-6-thinking__complex-aws-tf-003","VALIDATE_FAILED","dataset/main/candidates/geniac_hcl/complex__claude-opus-4-6-thinking__complex-aws-tf-003/.terraform.lock.hcl","true","c1ddc80b958bc91d9d531e701eb7ebd36c279330cf10f9a5aebb747c964a4b55","registry.terraform.io/hashicorp/archive","2.8.1",""
"dataset/main/candidates/geniac_hcl","complex__claude-opus-4-6-thinking__complex-aws-tf-003","VALIDATE_FAILED","dataset/main/candidates/geniac_hcl/complex__claude-opus-4-6-thinking__complex-aws-tf-003/.terraform.lock.hcl","true","c1ddc80b958bc91d9d531e701eb7ebd36c279330cf10f9a5aebb747c964a4b55","registry.terraform.io/hashicorp/aws","5.100.0","~> 5.0"
"dataset/main/candidates/geniac_hcl","complex__claude-opus-4-6-thinking__complex-aws-tf-003","VALIDATE_FAILED","dataset/main/candidates/geniac_hcl/complex__claude-opus-4-6-thinking__complex-aws-tf-003/.terraform.lock.hcl","true","c1ddc80b958bc91d9d531e701eb7ebd36c279330cf10f9a5aebb747c964a4b55","registry.terraform.io/hashicorp/tls","4.4.1","~> 4.0"
"dataset/main/candidates/geniac_hcl","complex__claude-opus-4-6-thinking__complex-aws-tf-007","PASS","dataset/main/candidates/geniac_hcl/complex__claude-opus-4-6-thinking__complex-aws-tf-007/.terraform.lock.hcl","true","ef560634b03543fed0c1fbe9ac3739c6c7a7bae048eba1a97b4eba62513702fa","registry.terraform.io/hashicorp/aws","5.100.0","~> 5.40"
"dataset/main/candidates/geniac_hcl","complex__claude-opus-4-6-thinking__complex-aws-tf-008","PASS","dataset/main/candidates/geniac_hcl/complex__claude-opus-4-6-thinking__complex-aws-tf-008/.terraform.lock.hcl","true","65c37cca542f62020bfe85f24a101aead94efd88e9685b47d51a03cfafe81bd4","registry.terraform.io/hashicorp/archive","2.8.1",""
"dataset/main/candidates/geniac_hcl","complex__claude-opus-4-6-thinking__complex-aws-tf-008","PASS","dataset/main/candidates/geniac_hcl/complex__claude-opus-4-6-thinking__complex-aws-tf-008/.terraform.lock.hcl","true","65c37cca542f62020bfe85f24a101aead94efd88e9685b47d51a03cfafe81bd4","registry.terraform.io/hashicorp/aws","5.100.0",">= 4.9.0, >= 4.27.0, >= 5.11.0, ~> 5.40, < 6.0.0"
"dataset/main/candidates/geniac_hcl","complex__claude-opus-4-6-thinking__complex-aws-tf-008","PASS","dataset/main/candidates/geniac_hcl/complex__claude-opus-4-6-thinking__complex-aws-tf-008/.terraform.lock.hcl","true","65c37cca542f62020bfe85f24a101aead94efd88e9685b47d51a03cfafe81bd4","registry.terraform.io/hashicorp/local","2.9.1",""
"dataset/main/candidates/geniac_hcl","complex__claude-opus-4-6-thinking__complex-aws-tf-008","PASS","dataset/main/candidates/geniac_hcl/complex__claude-opus-4-6-thinking__complex-aws-tf-008/.terraform.lock.hcl","true","65c37cca542f62020bfe85f24a101aead94efd88e9685b47d51a03cfafe81bd4","registry.terraform.io/hashicorp/random","3.9.1",""
"dataset/main/candidates/geniac_hcl","complex__claude-opus-4-6-thinking__complex-aws-tf-008","PASS","dataset/main/candidates/geniac_hcl/complex__claude-opus-4-6-thinking__complex-aws-tf-008/.terraform.lock.hcl","true","65c37cca542f62020bfe85f24a101aead94efd88e9685b47d51a03cfafe81bd4","registry.terraform.io/hashicorp/time","0.14.2",""
"dataset/main/candidates/geniac_hcl","complex__claude-opus-4-6-thinking__complex-aws-tf-010","PASS","dataset/main/candidates/geniac_hcl/complex__claude-opus-4-6-thinking__complex-aws-tf-010/.terraform.lock.hcl","true","d86f211174495ba19f0c2bbfc400254d5692534b6993ef646cfde21b74fc1360","registry.terraform.io/hashicorp/archive","2.8.1",""
"dataset/main/candidates/geniac_hcl","complex__claude-opus-4-6-thinking__complex-aws-tf-010","PASS","dataset/main/candidates/geniac_hcl/complex__claude-opus-4-6-thinking__complex-aws-tf-010/.terraform.lock.hcl","true","d86f211174495ba19f0c2bbfc400254d5692534b6993ef646cfde21b74fc1360","registry.terraform.io/hashicorp/aws","5.100.0","~> 5.40"
"dataset/main/candidates/geniac_hcl","complex__claude-opus-4-6-thinking__complex-aws-tf-010","PASS","dataset/main/candidates/geniac_hcl/complex__claude-opus-4-6-thinking__complex-aws-tf-010/.terraform.lock.hcl","true","d86f211174495ba19f0c2bbfc400254d5692534b6993ef646cfde21b74fc1360","registry.terraform.io/hashicorp/kubernetes","2.38.0","~> 2.25"
"dataset/main/candidates/geniac_hcl","complex__claude-sonnet-4-6__complex-aws-tf-001","PASS","dataset/main/candidates/geniac_hcl/complex__claude-sonnet-4-6__complex-aws-tf-001/.terraform.lock.hcl","true","4c666089f19251c562fa001bab814535a963b8b27f2cafe0f5a91506e99afdd8","registry.terraform.io/hashicorp/aws","5.100.0","~> 5.0"
"dataset/main/candidates/geniac_hcl","complex__claude-sonnet-4-6__complex-aws-tf-002","VALIDATE_FAILED","dataset/main/candidates/geniac_hcl/complex__claude-sonnet-4-6__complex-aws-tf-002/.terraform.lock.hcl","true","4ef39e73bcece4fc36fb6681f79108aa8ffe1c00380d7b7d90bf5c533c8b3f11","registry.terraform.io/gavinbunney/kubectl","1.19.0","~> 1.14"
"dataset/main/candidates/geniac_hcl","complex__claude-sonnet-4-6__complex-aws-tf-002","VALIDATE_FAILED","dataset/main/candidates/geniac_hcl/complex__claude-sonnet-4-6__complex-aws-tf-002/.terraform.lock.hcl","true","4ef39e73bcece4fc36fb6681f79108aa8ffe1c00380d7b7d90bf5c533c8b3f11","registry.terraform.io/hashicorp/aws","5.100.0",">= 4.33.0, ~> 5.30, >= 5.79.0, >= 5.95.0, < 6.0.0"
"dataset/main/candidates/geniac_hcl","complex__claude-sonnet-4-6__complex-aws-tf-002","VALIDATE_FAILED","dataset/main/candidates/geniac_hcl/complex__claude-sonnet-4-6__complex-aws-tf-002/.terraform.lock.hcl","true","4ef39e73bcece4fc36fb6681f79108aa8ffe1c00380d7b7d90bf5c533c8b3f11","registry.terraform.io/hashicorp/cloudinit","2.4.1",">= 2.0.0"
"dataset/main/candidates/geniac_hcl","complex__claude-sonnet-4-6__complex-aws-tf-002","VALIDATE_FAILED","dataset/main/candidates/geniac_hcl/complex__claude-sonnet-4-6__complex-aws-tf-002/.terraform.lock.hcl","true","4ef39e73bcece4fc36fb6681f79108aa8ffe1c00380d7b7d90bf5c533c8b3f11","registry.terraform.io/hashicorp/helm","2.17.0","~> 2.12"
"dataset/main/candidates/geniac_hcl","complex__claude-sonnet-4-6__complex-aws-tf-002","VALIDATE_FAILED","dataset/main/candidates/geniac_hcl/complex__claude-sonnet-4-6__complex-aws-tf-002/.terraform.lock.hcl","true","4ef39e73bcece4fc36fb6681f79108aa8ffe1c00380d7b7d90bf5c533c8b3f11","registry.terraform.io/hashicorp/kubernetes","2.38.0","~> 2.24"
"dataset/main/candidates/geniac_hcl","complex__claude-sonnet-4-6__complex-aws-tf-002","VALIDATE_FAILED","dataset/main/candidates/geniac_hcl/complex__claude-sonnet-4-6__complex-aws-tf-002/.terraform.lock.hcl","true","4ef39e73bcece4fc36fb6681f79108aa8ffe1c00380d7b7d90bf5c533c8b3f11","registry.terraform.io/hashicorp/null","3.3.2",">= 3.0.0"
"dataset/main/candidates/geniac_hcl","complex__claude-sonnet-4-6__complex-aws-tf-002","VALIDATE_FAILED","dataset/main/candidates/geniac_hcl/complex__claude-sonnet-4-6__complex-aws-tf-002/.terraform.lock.hcl","true","4ef39e73bcece4fc36fb6681f79108aa8ffe1c00380d7b7d90bf5c533c8b3f11","registry.terraform.io/hashicorp/time","0.14.2",">= 0.9.0"
"dataset/main/candidates/geniac_hcl","complex__claude-sonnet-4-6__complex-aws-tf-002","VALIDATE_FAILED","dataset/main/candidates/geniac_hcl/complex__claude-sonnet-4-6__complex-aws-tf-002/.terraform.lock.hcl","true","4ef39e73bcece4fc36fb6681f79108aa8ffe1c00380d7b7d90bf5c533c8b3f11","registry.terraform.io/hashicorp/tls","4.4.1",">= 3.0.0, ~> 4.0"
"dataset/main/candidates/geniac_hcl","complex__claude-sonnet-4-6__complex-aws-tf-003","VALIDATE_FAILED","dataset/main/candidates/geniac_hcl/complex__claude-sonnet-4-6__complex-aws-tf-003/.terraform.lock.hcl","true","e6794c499dda7238f9eecb9b8b7fb7ebd3b5da131dc35fbac787ace911f79724","registry.terraform.io/hashicorp/archive","2.8.1",""
"dataset/main/candidates/geniac_hcl","complex__claude-sonnet-4-6__complex-aws-tf-003","VALIDATE_FAILED","dataset/main/candidates/geniac_hcl/complex__claude-sonnet-4-6__complex-aws-tf-003/.terraform.lock.hcl","true","e6794c499dda7238f9eecb9b8b7fb7ebd3b5da131dc35fbac787ace911f79724","registry.terraform.io/hashicorp/aws","5.100.0","~> 5.0"
"dataset/main/candidates/geniac_hcl","complex__claude-sonnet-4-6__complex-aws-tf-006","PASS","dataset/main/candidates/geniac_hcl/complex__claude-sonnet-4-6__complex-aws-tf-006/.terraform.lock.hcl","true","a64bf403263ba903e32af6b486603d7f938d29cc7c246eaa27b0a9f6d2fb0160","registry.terraform.io/hashicorp/aws","5.100.0","~> 5.0"
"dataset/main/candidates/geniac_hcl","complex__claude-sonnet-4-6__complex-aws-tf-006","PASS","dataset/main/candidates/geniac_hcl/complex__claude-sonnet-4-6__complex-aws-tf-006/.terraform.lock.hcl","true","a64bf403263ba903e32af6b486603d7f938d29cc7c246eaa27b0a9f6d2fb0160","registry.terraform.io/hashicorp/random","3.9.1","~> 3.5"
"dataset/main/candidates/geniac_hcl","complex__claude-sonnet-4-6__complex-aws-tf-007","VALIDATE_FAILED","dataset/main/candidates/geniac_hcl/complex__claude-sonnet-4-6__complex-aws-tf-007/.terraform.lock.hcl","true","4c666089f19251c562fa001bab814535a963b8b27f2cafe0f5a91506e99afdd8","registry.terraform.io/hashicorp/aws","5.100.0","~> 5.0"
"dataset/main/candidates/geniac_hcl","complex__claude-sonnet-4-6__complex-aws-tf-008","INIT_FAILED","dataset/main/candidates/geniac_hcl/complex__claude-sonnet-4-6__complex-aws-tf-008/.terraform.lock.hcl","false","","","",""
"dataset/main/candidates/geniac_hcl","complex__claude-sonnet-4-6__complex-aws-tf-010","INIT_FAILED","dataset/main/candidates/geniac_hcl/complex__claude-sonnet-4-6__complex-aws-tf-010/.terraform.lock.hcl","false","","","",""
"dataset/main/candidates/geniac_hcl","complex__gemini-3.1-pro__complex-aws-tf-002","VALIDATE_FAILED","dataset/main/candidates/geniac_hcl/complex__gemini-3.1-pro__complex-aws-tf-002/.terraform.lock.hcl","true","119effb4229cc3f57383cf202c700811a2c636c5857757753284cd1e7e34f991","registry.terraform.io/gavinbunney/kubectl","1.19.0",">= 1.14.0"
"dataset/main/candidates/geniac_hcl","complex__gemini-3.1-pro__complex-aws-tf-002","VALIDATE_FAILED","dataset/main/candidates/geniac_hcl/complex__gemini-3.1-pro__complex-aws-tf-002/.terraform.lock.hcl","true","119effb4229cc3f57383cf202c700811a2c636c5857757753284cd1e7e34f991","registry.terraform.io/hashicorp/aws","6.66.0",">= 5.0.0"
"dataset/main/candidates/geniac_hcl","complex__gemini-3.1-pro__complex-aws-tf-002","VALIDATE_FAILED","dataset/main/candidates/geniac_hcl/complex__gemini-3.1-pro__complex-aws-tf-002/.terraform.lock.hcl","true","119effb4229cc3f57383cf202c700811a2c636c5857757753284cd1e7e34f991","registry.terraform.io/hashicorp/helm","3.3.0",">= 2.11.0"
"dataset/main/candidates/geniac_hcl","complex__gemini-3.1-pro__complex-aws-tf-002","VALIDATE_FAILED","dataset/main/candidates/geniac_hcl/complex__gemini-3.1-pro__complex-aws-tf-002/.terraform.lock.hcl","true","119effb4229cc3f57383cf202c700811a2c636c5857757753284cd1e7e34f991","registry.terraform.io/hashicorp/kubernetes","3.2.1",">= 2.23.0"
"dataset/main/candidates/geniac_hcl","complex__gemini-3.1-pro__complex-aws-tf-002","VALIDATE_FAILED","dataset/main/candidates/geniac_hcl/complex__gemini-3.1-pro__complex-aws-tf-002/.terraform.lock.hcl","true","119effb4229cc3f57383cf202c700811a2c636c5857757753284cd1e7e34f991","registry.terraform.io/hashicorp/tls","4.4.1",""
"dataset/main/candidates/geniac_hcl","complex__gemini-3.1-pro__complex-aws-tf-003","VALIDATE_FAILED","dataset/main/candidates/geniac_hcl/complex__gemini-3.1-pro__complex-aws-tf-003/.terraform.lock.hcl","true","4c666089f19251c562fa001bab814535a963b8b27f2cafe0f5a91506e99afdd8","registry.terraform.io/hashicorp/aws","5.100.0","~> 5.0"
"dataset/main/candidates/geniac_hcl","complex__gemini-3.1-pro__complex-aws-tf-007","PASS","dataset/main/candidates/geniac_hcl/complex__gemini-3.1-pro__complex-aws-tf-007/.terraform.lock.hcl","true","4c666089f19251c562fa001bab814535a963b8b27f2cafe0f5a91506e99afdd8","registry.terraform.io/hashicorp/aws","5.100.0","~> 5.0"
"dataset/main/candidates/geniac_hcl","complex__gemini-3.1-pro__complex-aws-tf-008","INIT_FAILED","dataset/main/candidates/geniac_hcl/complex__gemini-3.1-pro__complex-aws-tf-008/.terraform.lock.hcl","false","","","",""
"dataset/main/candidates/geniac_hcl","complex__gemini-3.1-pro__complex-aws-tf-010","PASS","dataset/main/candidates/geniac_hcl/complex__gemini-3.1-pro__complex-aws-tf-010/.terraform.lock.hcl","true","a048774ddcc63dd02cb1c39c7085a0d38d97498dc9405e131462d8ae90d06bce","registry.terraform.io/hashicorp/archive","2.8.1","~> 2.0"
"dataset/main/candidates/geniac_hcl","complex__gemini-3.1-pro__complex-aws-tf-010","PASS","dataset/main/candidates/geniac_hcl/complex__gemini-3.1-pro__complex-aws-tf-010/.terraform.lock.hcl","true","a048774ddcc63dd02cb1c39c7085a0d38d97498dc9405e131462d8ae90d06bce","registry.terraform.io/hashicorp/aws","5.100.0","~> 5.0, >= 5.79.0"
"dataset/main/candidates/geniac_hcl","complex__gemini-3.1-pro__complex-aws-tf-010","PASS","dataset/main/candidates/geniac_hcl/complex__gemini-3.1-pro__complex-aws-tf-010/.terraform.lock.hcl","true","a048774ddcc63dd02cb1c39c7085a0d38d97498dc9405e131462d8ae90d06bce","registry.terraform.io/hashicorp/random","3.9.1",""
"dataset/main/candidates/geniac_hcl","complex__gemini-3.7-flash__complex-aws-tf-001","PASS","dataset/main/candidates/geniac_hcl/complex__gemini-3.7-flash__complex-aws-tf-001/.terraform.lock.hcl","true","91aa83fcd65f09f551ccb0965305f7119adc1f0d543ea24411e0660a6230f552","registry.terraform.io/hashicorp/aws","6.66.0",""
"dataset/main/candidates/geniac_hcl","complex__gemini-3.7-flash__complex-aws-tf-002","PASS","dataset/main/candidates/geniac_hcl/complex__gemini-3.7-flash__complex-aws-tf-002/.terraform.lock.hcl","true","0db5eed04fec046580c2805cc9ac8716cf888af13e870d5366562f5e5d0fd272","registry.terraform.io/hashicorp/aws","5.100.0","~> 5.40"
"dataset/main/candidates/geniac_hcl","complex__gemini-3.7-flash__complex-aws-tf-002","PASS","dataset/main/candidates/geniac_hcl/complex__gemini-3.7-flash__complex-aws-tf-002/.terraform.lock.hcl","true","0db5eed04fec046580c2805cc9ac8716cf888af13e870d5366562f5e5d0fd272","registry.terraform.io/hashicorp/helm","2.17.0","~> 2.12"
"dataset/main/candidates/geniac_hcl","complex__gemini-3.7-flash__complex-aws-tf-002","PASS","dataset/main/candidates/geniac_hcl/complex__gemini-3.7-flash__complex-aws-tf-002/.terraform.lock.hcl","true","0db5eed04fec046580c2805cc9ac8716cf888af13e870d5366562f5e5d0fd272","registry.terraform.io/hashicorp/kubernetes","2.38.0","~> 2.26"
"dataset/main/candidates/geniac_hcl","complex__gemini-3.7-flash__complex-aws-tf-002","PASS","dataset/main/candidates/geniac_hcl/complex__gemini-3.7-flash__complex-aws-tf-002/.terraform.lock.hcl","true","0db5eed04fec046580c2805cc9ac8716cf888af13e870d5366562f5e5d0fd272","registry.terraform.io/hashicorp/tls","4.4.1","~> 4.0"
"dataset/main/candidates/geniac_hcl","complex__gemini-3.7-flash__complex-aws-tf-003","VALIDATE_FAILED","dataset/main/candidates/geniac_hcl/complex__gemini-3.7-flash__complex-aws-tf-003/.terraform.lock.hcl","true","e6794c499dda7238f9eecb9b8b7fb7ebd3b5da131dc35fbac787ace911f79724","registry.terraform.io/hashicorp/archive","2.8.1",""
"dataset/main/candidates/geniac_hcl","complex__gemini-3.7-flash__complex-aws-tf-003","VALIDATE_FAILED","dataset/main/candidates/geniac_hcl/complex__gemini-3.7-flash__complex-aws-tf-003/.terraform.lock.hcl","true","e6794c499dda7238f9eecb9b8b7fb7ebd3b5da131dc35fbac787ace911f79724","registry.terraform.io/hashicorp/aws","5.100.0","~> 5.0"
"dataset/main/candidates/geniac_hcl","complex__gemini-3.7-flash__complex-aws-tf-006","VALIDATE_FAILED","dataset/main/candidates/geniac_hcl/complex__gemini-3.7-flash__complex-aws-tf-006/.terraform.lock.hcl","true","4c666089f19251c562fa001bab814535a963b8b27f2cafe0f5a91506e99afdd8","registry.terraform.io/hashicorp/aws","5.100.0","~> 5.0"
"dataset/main/candidates/geniac_hcl","complex__gemini-3.7-flash__complex-aws-tf-008","INIT_FAILED","dataset/main/candidates/geniac_hcl/complex__gemini-3.7-flash__complex-aws-tf-008/.terraform.lock.hcl","false","","","",""
"dataset/main/candidates/geniac_hcl","complex__gemini-3.7-flash__complex-aws-tf-010","PASS","dataset/main/candidates/geniac_hcl/complex__gemini-3.7-flash__complex-aws-tf-010/.terraform.lock.hcl","true","429041ecb1b1d509f21972a64d997a67b2cab712d4c2b95ac294c5685aae195e","registry.terraform.io/hashicorp/archive","2.8.1","~> 2.4"
"dataset/main/candidates/geniac_hcl","complex__gemini-3.7-flash__complex-aws-tf-010","PASS","dataset/main/candidates/geniac_hcl/complex__gemini-3.7-flash__complex-aws-tf-010/.terraform.lock.hcl","true","429041ecb1b1d509f21972a64d997a67b2cab712d4c2b95ac294c5685aae195e","registry.terraform.io/hashicorp/aws","5.100.0","~> 5.40"
"dataset/main/candidates/geniac_hcl","complex__gpt-4o__complex-aws-tf-001","VALIDATE_FAILED","dataset/main/candidates/geniac_hcl/complex__gpt-4o__complex-aws-tf-001/.terraform.lock.hcl","true","91aa83fcd65f09f551ccb0965305f7119adc1f0d543ea24411e0660a6230f552","registry.terraform.io/hashicorp/aws","6.66.0",""
"dataset/main/candidates/geniac_hcl","complex__gpt-4o__complex-aws-tf-002","VALIDATE_FAILED","dataset/main/candidates/geniac_hcl/complex__gpt-4o__complex-aws-tf-002/.terraform.lock.hcl","true","fc78d9868a94a4ed238bafa26b35951b74dfd30a14fb49af6b516a59f4cf33bb","registry.terraform.io/hashicorp/aws","6.66.0",""
"dataset/main/candidates/geniac_hcl","complex__gpt-4o__complex-aws-tf-002","VALIDATE_FAILED","dataset/main/candidates/geniac_hcl/complex__gpt-4o__complex-aws-tf-002/.terraform.lock.hcl","true","fc78d9868a94a4ed238bafa26b35951b74dfd30a14fb49af6b516a59f4cf33bb","registry.terraform.io/hashicorp/kubernetes","3.2.1",""
"dataset/main/candidates/geniac_hcl","complex__gpt-4o__complex-aws-tf-003","VALIDATE_FAILED","dataset/main/candidates/geniac_hcl/complex__gpt-4o__complex-aws-tf-003/.terraform.lock.hcl","true","91aa83fcd65f09f551ccb0965305f7119adc1f0d543ea24411e0660a6230f552","registry.terraform.io/hashicorp/aws","6.66.0",""
"dataset/main/candidates/geniac_hcl","complex__gpt-4o__complex-aws-tf-006","VALIDATE_FAILED","dataset/main/candidates/geniac_hcl/complex__gpt-4o__complex-aws-tf-006/.terraform.lock.hcl","true","91aa83fcd65f09f551ccb0965305f7119adc1f0d543ea24411e0660a6230f552","registry.terraform.io/hashicorp/aws","6.66.0",""
"dataset/main/candidates/geniac_hcl","complex__gpt-4o__complex-aws-tf-007","VALIDATE_FAILED","dataset/main/candidates/geniac_hcl/complex__gpt-4o__complex-aws-tf-007/.terraform.lock.hcl","true","91aa83fcd65f09f551ccb0965305f7119adc1f0d543ea24411e0660a6230f552","registry.terraform.io/hashicorp/aws","6.66.0",""
"dataset/main/candidates/geniac_hcl","complex__gpt-4o__complex-aws-tf-008","VALIDATE_FAILED","dataset/main/candidates/geniac_hcl/complex__gpt-4o__complex-aws-tf-008/.terraform.lock.hcl","true","91aa83fcd65f09f551ccb0965305f7119adc1f0d543ea24411e0660a6230f552","registry.terraform.io/hashicorp/aws","6.66.0",""
"dataset/main/candidates/geniac_hcl","complex__gpt-4o__complex-aws-tf-010","VALIDATE_FAILED","dataset/main/candidates/geniac_hcl/complex__gpt-4o__complex-aws-tf-010/.terraform.lock.hcl","true","91aa83fcd65f09f551ccb0965305f7119adc1f0d543ea24411e0660a6230f552","registry.terraform.io/hashicorp/aws","6.66.0",""
"dataset/main/candidates/geniac_hcl","complex__gpt-5__complex-aws-tf-001","PASS","dataset/main/candidates/geniac_hcl/complex__gpt-5__complex-aws-tf-001/.terraform.lock.hcl","true","6612d9cdbff1c78e1ec7708cd0c6278515d80aacc60360ffae2eaa8c72b84498","registry.terraform.io/hashicorp/aws","6.66.0",">= 5.52.0"
"dataset/main/candidates/geniac_hcl","complex__gpt-5__complex-aws-tf-002","VALIDATE_FAILED","dataset/main/candidates/geniac_hcl/complex__gpt-5__complex-aws-tf-002/.terraform.lock.hcl","true","877ac9a0fbd773442e06c92790719500a0387127f36498b64ff24f883a0a664c","registry.terraform.io/hashicorp/aws","6.66.0",">= 5.30.0, >= 5.45.0"
"dataset/main/candidates/geniac_hcl","complex__gpt-5__complex-aws-tf-002","VALIDATE_FAILED","dataset/main/candidates/geniac_hcl/complex__gpt-5__complex-aws-tf-002/.terraform.lock.hcl","true","877ac9a0fbd773442e06c92790719500a0387127f36498b64ff24f883a0a664c","registry.terraform.io/hashicorp/helm","3.3.0",">= 2.12.0"
"dataset/main/candidates/geniac_hcl","complex__gpt-5__complex-aws-tf-002","VALIDATE_FAILED","dataset/main/candidates/geniac_hcl/complex__gpt-5__complex-aws-tf-002/.terraform.lock.hcl","true","877ac9a0fbd773442e06c92790719500a0387127f36498b64ff24f883a0a664c","registry.terraform.io/hashicorp/kubernetes","3.2.1",">= 2.29.0"
"dataset/main/candidates/geniac_hcl","complex__gpt-5__complex-aws-tf-003","VALIDATE_FAILED","dataset/main/candidates/geniac_hcl/complex__gpt-5__complex-aws-tf-003/.terraform.lock.hcl","true","0fe87e792ef6027a637d4788839246e8659e83c1062f9d02edb51ffee271b2b8","registry.terraform.io/hashicorp/archive","2.8.1",">= 2.4.0"
"dataset/main/candidates/geniac_hcl","complex__gpt-5__complex-aws-tf-003","VALIDATE_FAILED","dataset/main/candidates/geniac_hcl/complex__gpt-5__complex-aws-tf-003/.terraform.lock.hcl","true","0fe87e792ef6027a637d4788839246e8659e83c1062f9d02edb51ffee271b2b8","registry.terraform.io/hashicorp/aws","6.66.0",">= 5.40.0"
"dataset/main/candidates/geniac_hcl","complex__gpt-5__complex-aws-tf-006","VALIDATE_FAILED","dataset/main/candidates/geniac_hcl/complex__gpt-5__complex-aws-tf-006/.terraform.lock.hcl","true","04e0da5dba1358f9292063e0cf5299fe0064336899d68f7d4290c5b4ef5ed764","registry.terraform.io/hashicorp/aws","6.66.0",">= 5.35.0"
"dataset/main/candidates/geniac_hcl","complex__gpt-5__complex-aws-tf-006","VALIDATE_FAILED","dataset/main/candidates/geniac_hcl/complex__gpt-5__complex-aws-tf-006/.terraform.lock.hcl","true","04e0da5dba1358f9292063e0cf5299fe0064336899d68f7d4290c5b4ef5ed764","registry.terraform.io/hashicorp/random","3.9.1",">= 3.5.0"
"dataset/main/candidates/geniac_hcl","complex__gpt-5__complex-aws-tf-007","VALIDATE_FAILED","dataset/main/candidates/geniac_hcl/complex__gpt-5__complex-aws-tf-007/.terraform.lock.hcl","true","b3d3ddaebd2810c57c6e229c26797a4a99977bb6a84944359e51b00a279f64e7","registry.terraform.io/hashicorp/aws","6.66.0",">= 5.40.0"
"dataset/main/candidates/geniac_hcl","complex__gpt-5__complex-aws-tf-008","VALIDATE_FAILED","dataset/main/candidates/geniac_hcl/complex__gpt-5__complex-aws-tf-008/.terraform.lock.hcl","true","0a1603dbf9201a37ee0d49ee74b09a64a561d7c04f4d536dc94877b6f12ebf3a","registry.terraform.io/hashicorp/aws","6.66.0",">= 5.34.0"
"dataset/main/candidates/geniac_hcl","complex__gpt-5__complex-aws-tf-010","VALIDATE_FAILED","dataset/main/candidates/geniac_hcl/complex__gpt-5__complex-aws-tf-010/.terraform.lock.hcl","true","b640cdc14ccafacc54c89ddfa01e2d4aba6441efb29f171a14cb8a7f194301f6","registry.terraform.io/hashicorp/archive","2.8.1",">= 2.4.0"
"dataset/main/candidates/geniac_hcl","complex__gpt-5__complex-aws-tf-010","VALIDATE_FAILED","dataset/main/candidates/geniac_hcl/complex__gpt-5__complex-aws-tf-010/.terraform.lock.hcl","true","b640cdc14ccafacc54c89ddfa01e2d4aba6441efb29f171a14cb8a7f194301f6","registry.terraform.io/hashicorp/aws","6.66.0",">= 4.33.0, >= 5.30.0, >= 5.40.0, >= 5.45.0"
"dataset/main/candidates/geniac_hcl","complex__gpt-5__complex-aws-tf-010","VALIDATE_FAILED","dataset/main/candidates/geniac_hcl/complex__gpt-5__complex-aws-tf-010/.terraform.lock.hcl","true","b640cdc14ccafacc54c89ddfa01e2d4aba6441efb29f171a14cb8a7f194301f6","registry.terraform.io/hashicorp/cloudinit","2.4.1",">= 2.0.0"
"dataset/main/candidates/geniac_hcl","complex__gpt-5__complex-aws-tf-010","VALIDATE_FAILED","dataset/main/candidates/geniac_hcl/complex__gpt-5__complex-aws-tf-010/.terraform.lock.hcl","true","b640cdc14ccafacc54c89ddfa01e2d4aba6441efb29f171a14cb8a7f194301f6","registry.terraform.io/hashicorp/null","3.3.2",">= 3.0.0"
"dataset/main/candidates/geniac_hcl","complex__gpt-5__complex-aws-tf-010","VALIDATE_FAILED","dataset/main/candidates/geniac_hcl/complex__gpt-5__complex-aws-tf-010/.terraform.lock.hcl","true","b640cdc14ccafacc54c89ddfa01e2d4aba6441efb29f171a14cb8a7f194301f6","registry.terraform.io/hashicorp/random","3.9.1",">= 3.6.0"
"dataset/main/candidates/geniac_hcl","complex__gpt-5__complex-aws-tf-010","VALIDATE_FAILED","dataset/main/candidates/geniac_hcl/complex__gpt-5__complex-aws-tf-010/.terraform.lock.hcl","true","b640cdc14ccafacc54c89ddfa01e2d4aba6441efb29f171a14cb8a7f194301f6","registry.terraform.io/hashicorp/time","0.14.2",">= 0.9.0"
"dataset/main/candidates/geniac_hcl","complex__gpt-5__complex-aws-tf-010","VALIDATE_FAILED","dataset/main/candidates/geniac_hcl/complex__gpt-5__complex-aws-tf-010/.terraform.lock.hcl","true","b640cdc14ccafacc54c89ddfa01e2d4aba6441efb29f171a14cb8a7f194301f6","registry.terraform.io/hashicorp/tls","4.4.1",">= 3.0.0"
"dataset/main/candidates/geniac_hcl","complex__gpt-5-thinking__complex-aws-tf-001","VALIDATE_FAILED","dataset/main/candidates/geniac_hcl/complex__gpt-5-thinking__complex-aws-tf-001/.terraform.lock.hcl","true","230a778f73e2fc81e5e9d799449e62a0588703639c24a2bfd57bb03bc94d3317","registry.terraform.io/hashicorp/aws","6.66.0",">= 5.30.0"
"dataset/main/candidates/geniac_hcl","complex__gpt-5-thinking__complex-aws-tf-002","INIT_FAILED","dataset/main/candidates/geniac_hcl/complex__gpt-5-thinking__complex-aws-tf-002/.terraform.lock.hcl","false","","","",""
"dataset/main/candidates/geniac_hcl","complex__gpt-5-thinking__complex-aws-tf-003","VALIDATE_FAILED","dataset/main/candidates/geniac_hcl/complex__gpt-5-thinking__complex-aws-tf-003/.terraform.lock.hcl","true","f1cac4c348a2b955c9003ff3732218cffb7157e95447ea0aff9a0660538dab00","registry.terraform.io/hashicorp/aws","6.66.0",">= 5.44.0"
"dataset/main/candidates/geniac_hcl","complex__gpt-5-thinking__complex-aws-tf-003","VALIDATE_FAILED","dataset/main/candidates/geniac_hcl/complex__gpt-5-thinking__complex-aws-tf-003/.terraform.lock.hcl","true","f1cac4c348a2b955c9003ff3732218cffb7157e95447ea0aff9a0660538dab00","registry.terraform.io/hashicorp/random","3.9.1",">= 3.6.0"
"dataset/main/candidates/geniac_hcl","complex__gpt-5-thinking__complex-aws-tf-007","VALIDATE_FAILED","dataset/main/candidates/geniac_hcl/complex__gpt-5-thinking__complex-aws-tf-007/.terraform.lock.hcl","true","58949320913b2a8c4f2066d0c0c1ddaaabe15b9786801eefa68988f0c3d306e8","registry.terraform.io/hashicorp/aws","6.66.0",">= 5.56.0"
"dataset/main/candidates/geniac_hcl","complex__gpt-5-thinking__complex-aws-tf-007","VALIDATE_FAILED","dataset/main/candidates/geniac_hcl/complex__gpt-5-thinking__complex-aws-tf-007/.terraform.lock.hcl","true","58949320913b2a8c4f2066d0c0c1ddaaabe15b9786801eefa68988f0c3d306e8","registry.terraform.io/hashicorp/random","3.9.1",">= 3.5.1"
"dataset/main/candidates/geniac_hcl","complex__gpt-5-thinking__complex-aws-tf-008","INIT_FAILED","dataset/main/candidates/geniac_hcl/complex__gpt-5-thinking__complex-aws-tf-008/.terraform.lock.hcl","false","","","",""
"dataset/main/candidates/geniac_hcl","complex__gpt-5-thinking__complex-aws-tf-010","VALIDATE_FAILED","dataset/main/candidates/geniac_hcl/complex__gpt-5-thinking__complex-aws-tf-010/.terraform.lock.hcl","true","807b97fa96f5f90cf0c2e66c788336c904f5220dd884d7deade4285e012568ae","registry.terraform.io/hashicorp/archive","2.8.1",">= 2.4.0"
"dataset/main/candidates/geniac_hcl","complex__gpt-5-thinking__complex-aws-tf-010","VALIDATE_FAILED","dataset/main/candidates/geniac_hcl/complex__gpt-5-thinking__complex-aws-tf-010/.terraform.lock.hcl","true","807b97fa96f5f90cf0c2e66c788336c904f5220dd884d7deade4285e012568ae","registry.terraform.io/hashicorp/aws","6.66.0",">= 5.38.0"
"dataset/main/candidates/geniac_hcl","complex__gpt-5-thinking__complex-aws-tf-010","VALIDATE_FAILED","dataset/main/candidates/geniac_hcl/complex__gpt-5-thinking__complex-aws-tf-010/.terraform.lock.hcl","true","807b97fa96f5f90cf0c2e66c788336c904f5220dd884d7deade4285e012568ae","registry.terraform.io/hashicorp/tls","4.4.1",""
"dataset/main/candidates/geniac_hcl","complex__llama3__complex-aws-tf-002","INIT_FAILED","dataset/main/candidates/geniac_hcl/complex__llama3__complex-aws-tf-002/.terraform.lock.hcl","false","","","",""
"dataset/main/candidates/geniac_hcl","complex__llama3__complex-aws-tf-003","VALIDATE_FAILED","dataset/main/candidates/geniac_hcl/complex__llama3__complex-aws-tf-003/.terraform.lock.hcl","true","91aa83fcd65f09f551ccb0965305f7119adc1f0d543ea24411e0660a6230f552","registry.terraform.io/hashicorp/aws","6.66.0",""
"dataset/main/candidates/geniac_hcl","complex__llama3__complex-aws-tf-007","VALIDATE_FAILED","dataset/main/candidates/geniac_hcl/complex__llama3__complex-aws-tf-007/.terraform.lock.hcl","true","91aa83fcd65f09f551ccb0965305f7119adc1f0d543ea24411e0660a6230f552","registry.terraform.io/hashicorp/aws","6.66.0",""
"dataset/main/candidates/geniac_hcl","complex__llama3__complex-aws-tf-008","INIT_FAILED","dataset/main/candidates/geniac_hcl/complex__llama3__complex-aws-tf-008/.terraform.lock.hcl","false","","","",""
"dataset/main/candidates/geniac_hcl","complex__mistral__complex-aws-tf-002","INIT_FAILED","dataset/main/candidates/geniac_hcl/complex__mistral__complex-aws-tf-002/.terraform.lock.hcl","false","","","",""
"dataset/main/candidates/geniac_hcl","complex__mistral__complex-aws-tf-006","VALIDATE_FAILED","dataset/main/candidates/geniac_hcl/complex__mistral__complex-aws-tf-006/.terraform.lock.hcl","true","8ef6a54c10df003ba399e1464560208e459e56568a79823e61faa69722c05ff7","registry.terraform.io/hashicorp/aws","6.66.0",""
"dataset/main/candidates/geniac_hcl","complex__mistral__complex-aws-tf-006","VALIDATE_FAILED","dataset/main/candidates/geniac_hcl/complex__mistral__complex-aws-tf-006/.terraform.lock.hcl","true","8ef6a54c10df003ba399e1464560208e459e56568a79823e61faa69722c05ff7","registry.terraform.io/hashicorp/random","3.9.1",""
"dataset/main/candidates/geniac_hcl","simple__claude-opus-4-6__aws-tf-001","PASS","dataset/main/candidates/geniac_hcl/simple__claude-opus-4-6__aws-tf-001/.terraform.lock.hcl","true","8ef6a54c10df003ba399e1464560208e459e56568a79823e61faa69722c05ff7","registry.terraform.io/hashicorp/aws","6.66.0",""
"dataset/main/candidates/geniac_hcl","simple__claude-opus-4-6__aws-tf-001","PASS","dataset/main/candidates/geniac_hcl/simple__claude-opus-4-6__aws-tf-001/.terraform.lock.hcl","true","8ef6a54c10df003ba399e1464560208e459e56568a79823e61faa69722c05ff7","registry.terraform.io/hashicorp/random","3.9.1",""
"dataset/main/candidates/geniac_hcl","simple__claude-opus-4-6__aws-tf-002","PASS","dataset/main/candidates/geniac_hcl/simple__claude-opus-4-6__aws-tf-002/.terraform.lock.hcl","true","91aa83fcd65f09f551ccb0965305f7119adc1f0d543ea24411e0660a6230f552","registry.terraform.io/hashicorp/aws","6.66.0",""
"dataset/main/candidates/geniac_hcl","simple__claude-opus-4-6__aws-tf-003","PASS","dataset/main/candidates/geniac_hcl/simple__claude-opus-4-6__aws-tf-003/.terraform.lock.hcl","true","4c666089f19251c562fa001bab814535a963b8b27f2cafe0f5a91506e99afdd8","registry.terraform.io/hashicorp/aws","5.100.0","~> 5.0"
"dataset/main/candidates/geniac_hcl","simple__claude-opus-4-6__aws-tf-004","PASS","dataset/main/candidates/geniac_hcl/simple__claude-opus-4-6__aws-tf-004/.terraform.lock.hcl","true","4c666089f19251c562fa001bab814535a963b8b27f2cafe0f5a91506e99afdd8","registry.terraform.io/hashicorp/aws","5.100.0","~> 5.0"
"dataset/main/candidates/geniac_hcl","simple__claude-opus-4-6__aws-tf-005","PASS","dataset/main/candidates/geniac_hcl/simple__claude-opus-4-6__aws-tf-005/.terraform.lock.hcl","true","4c666089f19251c562fa001bab814535a963b8b27f2cafe0f5a91506e99afdd8","registry.terraform.io/hashicorp/aws","5.100.0","~> 5.0"
"dataset/main/candidates/geniac_hcl","simple__claude-opus-4-6__aws-tf-006","PASS","dataset/main/candidates/geniac_hcl/simple__claude-opus-4-6__aws-tf-006/.terraform.lock.hcl","true","4c666089f19251c562fa001bab814535a963b8b27f2cafe0f5a91506e99afdd8","registry.terraform.io/hashicorp/aws","5.100.0","~> 5.0"
"dataset/main/candidates/geniac_hcl","simple__claude-opus-4-6__aws-tf-007","PASS","dataset/main/candidates/geniac_hcl/simple__claude-opus-4-6__aws-tf-007/.terraform.lock.hcl","true","91aa83fcd65f09f551ccb0965305f7119adc1f0d543ea24411e0660a6230f552","registry.terraform.io/hashicorp/aws","6.66.0",""
"dataset/main/candidates/geniac_hcl","simple__claude-opus-4-6__aws-tf-008","PASS","dataset/main/candidates/geniac_hcl/simple__claude-opus-4-6__aws-tf-008/.terraform.lock.hcl","true","66f0bdcaa4cdc8a18e40f124942995cd422ea2c3697ba2c912b2e54b759230a2","registry.terraform.io/hashicorp/archive","2.8.1",""
"dataset/main/candidates/geniac_hcl","simple__claude-opus-4-6__aws-tf-008","PASS","dataset/main/candidates/geniac_hcl/simple__claude-opus-4-6__aws-tf-008/.terraform.lock.hcl","true","66f0bdcaa4cdc8a18e40f124942995cd422ea2c3697ba2c912b2e54b759230a2","registry.terraform.io/hashicorp/aws","6.66.0",">= 5.0.0"
"dataset/main/candidates/geniac_hcl","simple__claude-opus-4-6__aws-tf-009","PASS","dataset/main/candidates/geniac_hcl/simple__claude-opus-4-6__aws-tf-009/.terraform.lock.hcl","true","91aa83fcd65f09f551ccb0965305f7119adc1f0d543ea24411e0660a6230f552","registry.terraform.io/hashicorp/aws","6.66.0",""
"dataset/main/candidates/geniac_hcl","simple__claude-opus-4-6__aws-tf-010","PASS","dataset/main/candidates/geniac_hcl/simple__claude-opus-4-6__aws-tf-010/.terraform.lock.hcl","true","4c666089f19251c562fa001bab814535a963b8b27f2cafe0f5a91506e99afdd8","registry.terraform.io/hashicorp/aws","5.100.0","~> 5.0"
"dataset/main/candidates/geniac_hcl","simple__claude-opus-4-6-cot__aws-tf-001","PASS","dataset/main/candidates/geniac_hcl/simple__claude-opus-4-6-cot__aws-tf-001/.terraform.lock.hcl","true","2648d15aee4b06352c30e21c065797d0ded5ba41d6c1da4fe9e18dd523a3056e","registry.terraform.io/hashicorp/aws","6.66.0",">= 4.0.0"
"dataset/main/candidates/geniac_hcl","simple__claude-opus-4-6-cot__aws-tf-002","PASS","dataset/main/candidates/geniac_hcl/simple__claude-opus-4-6-cot__aws-tf-002/.terraform.lock.hcl","true","1d58029d4a2ddf7eb7054eca5a84f1556a8fef20bf3b479b433a7d55cd732a9e","registry.terraform.io/hashicorp/aws","6.66.0",">= 5.0.0"
"dataset/main/candidates/geniac_hcl","simple__claude-opus-4-6-cot__aws-tf-003","PASS","dataset/main/candidates/geniac_hcl/simple__claude-opus-4-6-cot__aws-tf-003/.terraform.lock.hcl","true","4c666089f19251c562fa001bab814535a963b8b27f2cafe0f5a91506e99afdd8","registry.terraform.io/hashicorp/aws","5.100.0","~> 5.0"
"dataset/main/candidates/geniac_hcl","simple__claude-opus-4-6-cot__aws-tf-004","PASS","dataset/main/candidates/geniac_hcl/simple__claude-opus-4-6-cot__aws-tf-004/.terraform.lock.hcl","true","4c666089f19251c562fa001bab814535a963b8b27f2cafe0f5a91506e99afdd8","registry.terraform.io/hashicorp/aws","5.100.0","~> 5.0"
"dataset/main/candidates/geniac_hcl","simple__claude-opus-4-6-cot__aws-tf-005","PASS","dataset/main/candidates/geniac_hcl/simple__claude-opus-4-6-cot__aws-tf-005/.terraform.lock.hcl","true","4c666089f19251c562fa001bab814535a963b8b27f2cafe0f5a91506e99afdd8","registry.terraform.io/hashicorp/aws","5.100.0","~> 5.0"
"dataset/main/candidates/geniac_hcl","simple__claude-opus-4-6-cot__aws-tf-006","PASS","dataset/main/candidates/geniac_hcl/simple__claude-opus-4-6-cot__aws-tf-006/.terraform.lock.hcl","true","1d58029d4a2ddf7eb7054eca5a84f1556a8fef20bf3b479b433a7d55cd732a9e","registry.terraform.io/hashicorp/aws","6.66.0",">= 5.0.0"
"dataset/main/candidates/geniac_hcl","simple__claude-opus-4-6-cot__aws-tf-007","PASS","dataset/main/candidates/geniac_hcl/simple__claude-opus-4-6-cot__aws-tf-007/.terraform.lock.hcl","true","2648d15aee4b06352c30e21c065797d0ded5ba41d6c1da4fe9e18dd523a3056e","registry.terraform.io/hashicorp/aws","6.66.0",">= 4.0.0"
"dataset/main/candidates/geniac_hcl","simple__claude-opus-4-6-cot__aws-tf-008","PASS","dataset/main/candidates/geniac_hcl/simple__claude-opus-4-6-cot__aws-tf-008/.terraform.lock.hcl","true","66f0bdcaa4cdc8a18e40f124942995cd422ea2c3697ba2c912b2e54b759230a2","registry.terraform.io/hashicorp/archive","2.8.1",""
"dataset/main/candidates/geniac_hcl","simple__claude-opus-4-6-cot__aws-tf-008","PASS","dataset/main/candidates/geniac_hcl/simple__claude-opus-4-6-cot__aws-tf-008/.terraform.lock.hcl","true","66f0bdcaa4cdc8a18e40f124942995cd422ea2c3697ba2c912b2e54b759230a2","registry.terraform.io/hashicorp/aws","6.66.0",">= 5.0.0"
"dataset/main/candidates/geniac_hcl","simple__claude-opus-4-6-cot__aws-tf-009","PASS","dataset/main/candidates/geniac_hcl/simple__claude-opus-4-6-cot__aws-tf-009/.terraform.lock.hcl","true","91aa83fcd65f09f551ccb0965305f7119adc1f0d543ea24411e0660a6230f552","registry.terraform.io/hashicorp/aws","6.66.0",""
"dataset/main/candidates/geniac_hcl","simple__claude-opus-4-6-cot__aws-tf-010","PASS","dataset/main/candidates/geniac_hcl/simple__claude-opus-4-6-cot__aws-tf-010/.terraform.lock.hcl","true","1d58029d4a2ddf7eb7054eca5a84f1556a8fef20bf3b479b433a7d55cd732a9e","registry.terraform.io/hashicorp/aws","6.66.0",">= 5.0.0"
"dataset/main/candidates/geniac_hcl","simple__claude-opus-4-6-thinking__aws-tf-001","PASS","dataset/main/candidates/geniac_hcl/simple__claude-opus-4-6-thinking__aws-tf-001/.terraform.lock.hcl","true","4c666089f19251c562fa001bab814535a963b8b27f2cafe0f5a91506e99afdd8","registry.terraform.io/hashicorp/aws","5.100.0","~> 5.0"
"dataset/main/candidates/geniac_hcl","simple__claude-opus-4-6-thinking__aws-tf-002","PASS","dataset/main/candidates/geniac_hcl/simple__claude-opus-4-6-thinking__aws-tf-002/.terraform.lock.hcl","true","1d58029d4a2ddf7eb7054eca5a84f1556a8fef20bf3b479b433a7d55cd732a9e","registry.terraform.io/hashicorp/aws","6.66.0",">= 5.0.0"
"dataset/main/candidates/geniac_hcl","simple__claude-opus-4-6-thinking__aws-tf-003","PASS","dataset/main/candidates/geniac_hcl/simple__claude-opus-4-6-thinking__aws-tf-003/.terraform.lock.hcl","true","4c666089f19251c562fa001bab814535a963b8b27f2cafe0f5a91506e99afdd8","registry.terraform.io/hashicorp/aws","5.100.0","~> 5.0"
"dataset/main/candidates/geniac_hcl","simple__claude-opus-4-6-thinking__aws-tf-004","PASS","dataset/main/candidates/geniac_hcl/simple__claude-opus-4-6-thinking__aws-tf-004/.terraform.lock.hcl","true","4c666089f19251c562fa001bab814535a963b8b27f2cafe0f5a91506e99afdd8","registry.terraform.io/hashicorp/aws","5.100.0","~> 5.0"
"dataset/main/candidates/geniac_hcl","simple__claude-opus-4-6-thinking__aws-tf-005","PASS","dataset/main/candidates/geniac_hcl/simple__claude-opus-4-6-thinking__aws-tf-005/.terraform.lock.hcl","true","4c666089f19251c562fa001bab814535a963b8b27f2cafe0f5a91506e99afdd8","registry.terraform.io/hashicorp/aws","5.100.0","~> 5.0"
"dataset/main/candidates/geniac_hcl","simple__claude-opus-4-6-thinking__aws-tf-006","PASS","dataset/main/candidates/geniac_hcl/simple__claude-opus-4-6-thinking__aws-tf-006/.terraform.lock.hcl","true","4c666089f19251c562fa001bab814535a963b8b27f2cafe0f5a91506e99afdd8","registry.terraform.io/hashicorp/aws","5.100.0","~> 5.0"
"dataset/main/candidates/geniac_hcl","simple__claude-opus-4-6-thinking__aws-tf-007","PASS","dataset/main/candidates/geniac_hcl/simple__claude-opus-4-6-thinking__aws-tf-007/.terraform.lock.hcl","true","91aa83fcd65f09f551ccb0965305f7119adc1f0d543ea24411e0660a6230f552","registry.terraform.io/hashicorp/aws","6.66.0",""
"dataset/main/candidates/geniac_hcl","simple__claude-opus-4-6-thinking__aws-tf-008","PASS","dataset/main/candidates/geniac_hcl/simple__claude-opus-4-6-thinking__aws-tf-008/.terraform.lock.hcl","true","d7ddc123014310541d3de7c3716ce68dd0314fd29273d6636c693eff9e6ff251","registry.terraform.io/hashicorp/archive","2.8.1","~> 2.0"
"dataset/main/candidates/geniac_hcl","simple__claude-opus-4-6-thinking__aws-tf-008","PASS","dataset/main/candidates/geniac_hcl/simple__claude-opus-4-6-thinking__aws-tf-008/.terraform.lock.hcl","true","d7ddc123014310541d3de7c3716ce68dd0314fd29273d6636c693eff9e6ff251","registry.terraform.io/hashicorp/aws","5.100.0","~> 5.0"
"dataset/main/candidates/geniac_hcl","simple__claude-opus-4-6-thinking__aws-tf-008","PASS","dataset/main/candidates/geniac_hcl/simple__claude-opus-4-6-thinking__aws-tf-008/.terraform.lock.hcl","true","d7ddc123014310541d3de7c3716ce68dd0314fd29273d6636c693eff9e6ff251","registry.terraform.io/hashicorp/local","2.9.1",""
"dataset/main/candidates/geniac_hcl","simple__claude-opus-4-6-thinking__aws-tf-009","PASS","dataset/main/candidates/geniac_hcl/simple__claude-opus-4-6-thinking__aws-tf-009/.terraform.lock.hcl","true","91aa83fcd65f09f551ccb0965305f7119adc1f0d543ea24411e0660a6230f552","registry.terraform.io/hashicorp/aws","6.66.0",""
"dataset/main/candidates/geniac_hcl","simple__claude-opus-4-6-thinking__aws-tf-010","PASS","dataset/main/candidates/geniac_hcl/simple__claude-opus-4-6-thinking__aws-tf-010/.terraform.lock.hcl","true","4c666089f19251c562fa001bab814535a963b8b27f2cafe0f5a91506e99afdd8","registry.terraform.io/hashicorp/aws","5.100.0","~> 5.0"
"dataset/main/candidates/geniac_hcl","simple__claude-sonnet-4-6__aws-tf-001","PASS","dataset/main/candidates/geniac_hcl/simple__claude-sonnet-4-6__aws-tf-001/.terraform.lock.hcl","true","4c666089f19251c562fa001bab814535a963b8b27f2cafe0f5a91506e99afdd8","registry.terraform.io/hashicorp/aws","5.100.0","~> 5.0"
"dataset/main/candidates/geniac_hcl","simple__claude-sonnet-4-6__aws-tf-002","PASS","dataset/main/candidates/geniac_hcl/simple__claude-sonnet-4-6__aws-tf-002/.terraform.lock.hcl","true","4c666089f19251c562fa001bab814535a963b8b27f2cafe0f5a91506e99afdd8","registry.terraform.io/hashicorp/aws","5.100.0","~> 5.0"
"dataset/main/candidates/geniac_hcl","simple__claude-sonnet-4-6__aws-tf-003","PASS","dataset/main/candidates/geniac_hcl/simple__claude-sonnet-4-6__aws-tf-003/.terraform.lock.hcl","true","4c666089f19251c562fa001bab814535a963b8b27f2cafe0f5a91506e99afdd8","registry.terraform.io/hashicorp/aws","5.100.0","~> 5.0"
"dataset/main/candidates/geniac_hcl","simple__claude-sonnet-4-6__aws-tf-004","PASS","dataset/main/candidates/geniac_hcl/simple__claude-sonnet-4-6__aws-tf-004/.terraform.lock.hcl","true","4c666089f19251c562fa001bab814535a963b8b27f2cafe0f5a91506e99afdd8","registry.terraform.io/hashicorp/aws","5.100.0","~> 5.0"
"dataset/main/candidates/geniac_hcl","simple__claude-sonnet-4-6__aws-tf-005","PASS","dataset/main/candidates/geniac_hcl/simple__claude-sonnet-4-6__aws-tf-005/.terraform.lock.hcl","true","4c666089f19251c562fa001bab814535a963b8b27f2cafe0f5a91506e99afdd8","registry.terraform.io/hashicorp/aws","5.100.0","~> 5.0"
"dataset/main/candidates/geniac_hcl","simple__claude-sonnet-4-6__aws-tf-006","PASS","dataset/main/candidates/geniac_hcl/simple__claude-sonnet-4-6__aws-tf-006/.terraform.lock.hcl","true","4c666089f19251c562fa001bab814535a963b8b27f2cafe0f5a91506e99afdd8","registry.terraform.io/hashicorp/aws","5.100.0","~> 5.0"
"dataset/main/candidates/geniac_hcl","simple__claude-sonnet-4-6__aws-tf-007","PASS","dataset/main/candidates/geniac_hcl/simple__claude-sonnet-4-6__aws-tf-007/.terraform.lock.hcl","true","4c666089f19251c562fa001bab814535a963b8b27f2cafe0f5a91506e99afdd8","registry.terraform.io/hashicorp/aws","5.100.0","~> 5.0"
"dataset/main/candidates/geniac_hcl","simple__claude-sonnet-4-6__aws-tf-008","VALIDATE_FAILED","dataset/main/candidates/geniac_hcl/simple__claude-sonnet-4-6__aws-tf-008/.terraform.lock.hcl","true","d7ddc123014310541d3de7c3716ce68dd0314fd29273d6636c693eff9e6ff251","registry.terraform.io/hashicorp/archive","2.8.1","~> 2.0"
"dataset/main/candidates/geniac_hcl","simple__claude-sonnet-4-6__aws-tf-008","VALIDATE_FAILED","dataset/main/candidates/geniac_hcl/simple__claude-sonnet-4-6__aws-tf-008/.terraform.lock.hcl","true","d7ddc123014310541d3de7c3716ce68dd0314fd29273d6636c693eff9e6ff251","registry.terraform.io/hashicorp/aws","5.100.0","~> 5.0"
"dataset/main/candidates/geniac_hcl","simple__claude-sonnet-4-6__aws-tf-008","VALIDATE_FAILED","dataset/main/candidates/geniac_hcl/simple__claude-sonnet-4-6__aws-tf-008/.terraform.lock.hcl","true","d7ddc123014310541d3de7c3716ce68dd0314fd29273d6636c693eff9e6ff251","registry.terraform.io/hashicorp/local","2.9.1",""
"dataset/main/candidates/geniac_hcl","simple__claude-sonnet-4-6__aws-tf-009","PASS","dataset/main/candidates/geniac_hcl/simple__claude-sonnet-4-6__aws-tf-009/.terraform.lock.hcl","true","4c666089f19251c562fa001bab814535a963b8b27f2cafe0f5a91506e99afdd8","registry.terraform.io/hashicorp/aws","5.100.0","~> 5.0"
"dataset/main/candidates/geniac_hcl","simple__claude-sonnet-4-6__aws-tf-010","PASS","dataset/main/candidates/geniac_hcl/simple__claude-sonnet-4-6__aws-tf-010/.terraform.lock.hcl","true","c81b174795b39f440c6c594052a91c6eed9e79dd13dfe117cc2dc68a1edff01c","registry.terraform.io/hashicorp/aws","5.100.0","~> 5.0"
"dataset/main/candidates/geniac_hcl","simple__claude-sonnet-4-6__aws-tf-010","PASS","dataset/main/candidates/geniac_hcl/simple__claude-sonnet-4-6__aws-tf-010/.terraform.lock.hcl","true","c81b174795b39f440c6c594052a91c6eed9e79dd13dfe117cc2dc68a1edff01c","registry.terraform.io/hashicorp/tls","4.4.1","~> 4.0"
"dataset/main/candidates/geniac_hcl","simple__gemini-3.1-pro__aws-tf-001","PASS","dataset/main/candidates/geniac_hcl/simple__gemini-3.1-pro__aws-tf-001/.terraform.lock.hcl","true","91aa83fcd65f09f551ccb0965305f7119adc1f0d543ea24411e0660a6230f552","registry.terraform.io/hashicorp/aws","6.66.0",""
"dataset/main/candidates/geniac_hcl","simple__gemini-3.1-pro__aws-tf-002","PASS","dataset/main/candidates/geniac_hcl/simple__gemini-3.1-pro__aws-tf-002/.terraform.lock.hcl","true","91aa83fcd65f09f551ccb0965305f7119adc1f0d543ea24411e0660a6230f552","registry.terraform.io/hashicorp/aws","6.66.0",""
"dataset/main/candidates/geniac_hcl","simple__gemini-3.1-pro__aws-tf-003","PASS","dataset/main/candidates/geniac_hcl/simple__gemini-3.1-pro__aws-tf-003/.terraform.lock.hcl","true","4c666089f19251c562fa001bab814535a963b8b27f2cafe0f5a91506e99afdd8","registry.terraform.io/hashicorp/aws","5.100.0","~> 5.0"
"dataset/main/candidates/geniac_hcl","simple__gemini-3.1-pro__aws-tf-004","PASS","dataset/main/candidates/geniac_hcl/simple__gemini-3.1-pro__aws-tf-004/.terraform.lock.hcl","true","4c666089f19251c562fa001bab814535a963b8b27f2cafe0f5a91506e99afdd8","registry.terraform.io/hashicorp/aws","5.100.0","~> 5.0"
"dataset/main/candidates/geniac_hcl","simple__gemini-3.1-pro__aws-tf-005","PASS","dataset/main/candidates/geniac_hcl/simple__gemini-3.1-pro__aws-tf-005/.terraform.lock.hcl","true","4c666089f19251c562fa001bab814535a963b8b27f2cafe0f5a91506e99afdd8","registry.terraform.io/hashicorp/aws","5.100.0","~> 5.0"
"dataset/main/candidates/geniac_hcl","simple__gemini-3.1-pro__aws-tf-006","PASS","dataset/main/candidates/geniac_hcl/simple__gemini-3.1-pro__aws-tf-006/.terraform.lock.hcl","true","4c666089f19251c562fa001bab814535a963b8b27f2cafe0f5a91506e99afdd8","registry.terraform.io/hashicorp/aws","5.100.0","~> 5.0"
"dataset/main/candidates/geniac_hcl","simple__gemini-3.1-pro__aws-tf-007","PASS","dataset/main/candidates/geniac_hcl/simple__gemini-3.1-pro__aws-tf-007/.terraform.lock.hcl","true","91aa83fcd65f09f551ccb0965305f7119adc1f0d543ea24411e0660a6230f552","registry.terraform.io/hashicorp/aws","6.66.0",""
"dataset/main/candidates/geniac_hcl","simple__gemini-3.1-pro__aws-tf-008","PASS","dataset/main/candidates/geniac_hcl/simple__gemini-3.1-pro__aws-tf-008/.terraform.lock.hcl","true","3db38ca33ebe4d4ea24a36ec3aec949da42eab8578d1b56c179166e6a3947776","registry.terraform.io/hashicorp/archive","2.8.1","~> 2.0"
"dataset/main/candidates/geniac_hcl","simple__gemini-3.1-pro__aws-tf-008","PASS","dataset/main/candidates/geniac_hcl/simple__gemini-3.1-pro__aws-tf-008/.terraform.lock.hcl","true","3db38ca33ebe4d4ea24a36ec3aec949da42eab8578d1b56c179166e6a3947776","registry.terraform.io/hashicorp/aws","5.100.0","~> 5.0"
"dataset/main/candidates/geniac_hcl","simple__gemini-3.1-pro__aws-tf-009","PASS","dataset/main/candidates/geniac_hcl/simple__gemini-3.1-pro__aws-tf-009/.terraform.lock.hcl","true","91aa83fcd65f09f551ccb0965305f7119adc1f0d543ea24411e0660a6230f552","registry.terraform.io/hashicorp/aws","6.66.0",""
"dataset/main/candidates/geniac_hcl","simple__gemini-3.1-pro__aws-tf-010","PASS","dataset/main/candidates/geniac_hcl/simple__gemini-3.1-pro__aws-tf-010/.terraform.lock.hcl","true","d01aad4d99477fd1502ee5e373af2a814fc7ec8e8183fd138bd02949adfdfcf4","registry.terraform.io/hashicorp/aws","5.100.0",">= 4.33.0, >= 5.31.0, >= 5.79.0, >= 5.95.0, < 6.0.0"
"dataset/main/candidates/geniac_hcl","simple__gemini-3.1-pro__aws-tf-010","PASS","dataset/main/candidates/geniac_hcl/simple__gemini-3.1-pro__aws-tf-010/.terraform.lock.hcl","true","d01aad4d99477fd1502ee5e373af2a814fc7ec8e8183fd138bd02949adfdfcf4","registry.terraform.io/hashicorp/cloudinit","2.4.1",">= 2.0.0"
"dataset/main/candidates/geniac_hcl","simple__gemini-3.1-pro__aws-tf-010","PASS","dataset/main/candidates/geniac_hcl/simple__gemini-3.1-pro__aws-tf-010/.terraform.lock.hcl","true","d01aad4d99477fd1502ee5e373af2a814fc7ec8e8183fd138bd02949adfdfcf4","registry.terraform.io/hashicorp/null","3.3.2",">= 3.0.0"
"dataset/main/candidates/geniac_hcl","simple__gemini-3.1-pro__aws-tf-010","PASS","dataset/main/candidates/geniac_hcl/simple__gemini-3.1-pro__aws-tf-010/.terraform.lock.hcl","true","d01aad4d99477fd1502ee5e373af2a814fc7ec8e8183fd138bd02949adfdfcf4","registry.terraform.io/hashicorp/time","0.14.2",">= 0.9.0"
"dataset/main/candidates/geniac_hcl","simple__gemini-3.1-pro__aws-tf-010","PASS","dataset/main/candidates/geniac_hcl/simple__gemini-3.1-pro__aws-tf-010/.terraform.lock.hcl","true","d01aad4d99477fd1502ee5e373af2a814fc7ec8e8183fd138bd02949adfdfcf4","registry.terraform.io/hashicorp/tls","4.4.1",">= 3.0.0"
"dataset/main/candidates/geniac_hcl","simple__gemini-3.7-flash__aws-tf-001","PASS","dataset/main/candidates/geniac_hcl/simple__gemini-3.7-flash__aws-tf-001/.terraform.lock.hcl","true","4c666089f19251c562fa001bab814535a963b8b27f2cafe0f5a91506e99afdd8","registry.terraform.io/hashicorp/aws","5.100.0","~> 5.0"
"dataset/main/candidates/geniac_hcl","simple__gemini-3.7-flash__aws-tf-002","PASS","dataset/main/candidates/geniac_hcl/simple__gemini-3.7-flash__aws-tf-002/.terraform.lock.hcl","true","4c666089f19251c562fa001bab814535a963b8b27f2cafe0f5a91506e99afdd8","registry.terraform.io/hashicorp/aws","5.100.0","~> 5.0"
"dataset/main/candidates/geniac_hcl","simple__gemini-3.7-flash__aws-tf-003","PASS","dataset/main/candidates/geniac_hcl/simple__gemini-3.7-flash__aws-tf-003/.terraform.lock.hcl","true","4c666089f19251c562fa001bab814535a963b8b27f2cafe0f5a91506e99afdd8","registry.terraform.io/hashicorp/aws","5.100.0","~> 5.0"
"dataset/main/candidates/geniac_hcl","simple__gemini-3.7-flash__aws-tf-004","PASS","dataset/main/candidates/geniac_hcl/simple__gemini-3.7-flash__aws-tf-004/.terraform.lock.hcl","true","4c666089f19251c562fa001bab814535a963b8b27f2cafe0f5a91506e99afdd8","registry.terraform.io/hashicorp/aws","5.100.0","~> 5.0"
"dataset/main/candidates/geniac_hcl","simple__gemini-3.7-flash__aws-tf-005","PASS","dataset/main/candidates/geniac_hcl/simple__gemini-3.7-flash__aws-tf-005/.terraform.lock.hcl","true","29aa0317c5b58c2fa2ba8a4e8cb7fbddcf3470b4d5615d8ce84c1391e524a96c","registry.terraform.io/hashicorp/aws","5.100.0","~> 5.0"
"dataset/main/candidates/geniac_hcl","simple__gemini-3.7-flash__aws-tf-005","PASS","dataset/main/candidates/geniac_hcl/simple__gemini-3.7-flash__aws-tf-005/.terraform.lock.hcl","true","29aa0317c5b58c2fa2ba8a4e8cb7fbddcf3470b4d5615d8ce84c1391e524a96c","registry.terraform.io/hashicorp/random","3.9.1","~> 3.0"
"dataset/main/candidates/geniac_hcl","simple__gemini-3.7-flash__aws-tf-006","PASS","dataset/main/candidates/geniac_hcl/simple__gemini-3.7-flash__aws-tf-006/.terraform.lock.hcl","true","4c666089f19251c562fa001bab814535a963b8b27f2cafe0f5a91506e99afdd8","registry.terraform.io/hashicorp/aws","5.100.0","~> 5.0"
"dataset/main/candidates/geniac_hcl","simple__gemini-3.7-flash__aws-tf-007","PASS","dataset/main/candidates/geniac_hcl/simple__gemini-3.7-flash__aws-tf-007/.terraform.lock.hcl","true","91aa83fcd65f09f551ccb0965305f7119adc1f0d543ea24411e0660a6230f552","registry.terraform.io/hashicorp/aws","6.66.0",""
"dataset/main/candidates/geniac_hcl","simple__gemini-3.7-flash__aws-tf-008","PASS","dataset/main/candidates/geniac_hcl/simple__gemini-3.7-flash__aws-tf-008/.terraform.lock.hcl","true","cea8498326ff5a0cc78930e778686e809e17557666db864e084d89dfaa64ea95","registry.terraform.io/hashicorp/archive","2.8.1","~> 2.4"
"dataset/main/candidates/geniac_hcl","simple__gemini-3.7-flash__aws-tf-008","PASS","dataset/main/candidates/geniac_hcl/simple__gemini-3.7-flash__aws-tf-008/.terraform.lock.hcl","true","cea8498326ff5a0cc78930e778686e809e17557666db864e084d89dfaa64ea95","registry.terraform.io/hashicorp/aws","5.100.0","~> 5.0"
"dataset/main/candidates/geniac_hcl","simple__gemini-3.7-flash__aws-tf-009","PASS","dataset/main/candidates/geniac_hcl/simple__gemini-3.7-flash__aws-tf-009/.terraform.lock.hcl","true","91aa83fcd65f09f551ccb0965305f7119adc1f0d543ea24411e0660a6230f552","registry.terraform.io/hashicorp/aws","6.66.0",""
"dataset/main/candidates/geniac_hcl","simple__gemini-3.7-flash__aws-tf-010","PASS","dataset/main/candidates/geniac_hcl/simple__gemini-3.7-flash__aws-tf-010/.terraform.lock.hcl","true","4c666089f19251c562fa001bab814535a963b8b27f2cafe0f5a91506e99afdd8","registry.terraform.io/hashicorp/aws","5.100.0","~> 5.0"
"dataset/main/candidates/geniac_hcl","simple__gpt-4o__aws-tf-001","PASS","dataset/main/candidates/geniac_hcl/simple__gpt-4o__aws-tf-001/.terraform.lock.hcl","true","91aa83fcd65f09f551ccb0965305f7119adc1f0d543ea24411e0660a6230f552","registry.terraform.io/hashicorp/aws","6.66.0",""
"dataset/main/candidates/geniac_hcl","simple__gpt-4o__aws-tf-002","PASS","dataset/main/candidates/geniac_hcl/simple__gpt-4o__aws-tf-002/.terraform.lock.hcl","true","91aa83fcd65f09f551ccb0965305f7119adc1f0d543ea24411e0660a6230f552","registry.terraform.io/hashicorp/aws","6.66.0",""
"dataset/main/candidates/geniac_hcl","simple__gpt-4o__aws-tf-003","PASS","dataset/main/candidates/geniac_hcl/simple__gpt-4o__aws-tf-003/.terraform.lock.hcl","true","91aa83fcd65f09f551ccb0965305f7119adc1f0d543ea24411e0660a6230f552","registry.terraform.io/hashicorp/aws","6.66.0",""
"dataset/main/candidates/geniac_hcl","simple__gpt-4o__aws-tf-004","PASS","dataset/main/candidates/geniac_hcl/simple__gpt-4o__aws-tf-004/.terraform.lock.hcl","true","91aa83fcd65f09f551ccb0965305f7119adc1f0d543ea24411e0660a6230f552","registry.terraform.io/hashicorp/aws","6.66.0",""
"dataset/main/candidates/geniac_hcl","simple__gpt-4o__aws-tf-005","VALIDATE_FAILED","dataset/main/candidates/geniac_hcl/simple__gpt-4o__aws-tf-005/.terraform.lock.hcl","true","91aa83fcd65f09f551ccb0965305f7119adc1f0d543ea24411e0660a6230f552","registry.terraform.io/hashicorp/aws","6.66.0",""
"dataset/main/candidates/geniac_hcl","simple__gpt-4o__aws-tf-006","PASS","dataset/main/candidates/geniac_hcl/simple__gpt-4o__aws-tf-006/.terraform.lock.hcl","true","91aa83fcd65f09f551ccb0965305f7119adc1f0d543ea24411e0660a6230f552","registry.terraform.io/hashicorp/aws","6.66.0",""
"dataset/main/candidates/geniac_hcl","simple__gpt-4o__aws-tf-007","PASS","dataset/main/candidates/geniac_hcl/simple__gpt-4o__aws-tf-007/.terraform.lock.hcl","true","91aa83fcd65f09f551ccb0965305f7119adc1f0d543ea24411e0660a6230f552","registry.terraform.io/hashicorp/aws","6.66.0",""
"dataset/main/candidates/geniac_hcl","simple__gpt-4o__aws-tf-008","VALIDATE_FAILED","dataset/main/candidates/geniac_hcl/simple__gpt-4o__aws-tf-008/.terraform.lock.hcl","true","91aa83fcd65f09f551ccb0965305f7119adc1f0d543ea24411e0660a6230f552","registry.terraform.io/hashicorp/aws","6.66.0",""
"dataset/main/candidates/geniac_hcl","simple__gpt-4o__aws-tf-009","PASS","dataset/main/candidates/geniac_hcl/simple__gpt-4o__aws-tf-009/.terraform.lock.hcl","true","91aa83fcd65f09f551ccb0965305f7119adc1f0d543ea24411e0660a6230f552","registry.terraform.io/hashicorp/aws","6.66.0",""
"dataset/main/candidates/geniac_hcl","simple__gpt-4o__aws-tf-010","PASS","dataset/main/candidates/geniac_hcl/simple__gpt-4o__aws-tf-010/.terraform.lock.hcl","true","91aa83fcd65f09f551ccb0965305f7119adc1f0d543ea24411e0660a6230f552","registry.terraform.io/hashicorp/aws","6.66.0",""
"dataset/main/candidates/geniac_hcl","simple__gpt-5__aws-tf-001","PASS","dataset/main/candidates/geniac_hcl/simple__gpt-5__aws-tf-001/.terraform.lock.hcl","true","1d58029d4a2ddf7eb7054eca5a84f1556a8fef20bf3b479b433a7d55cd732a9e","registry.terraform.io/hashicorp/aws","6.66.0",">= 5.0.0"
"dataset/main/candidates/geniac_hcl","simple__gpt-5__aws-tf-002","PASS","dataset/main/candidates/geniac_hcl/simple__gpt-5__aws-tf-002/.terraform.lock.hcl","true","1d58029d4a2ddf7eb7054eca5a84f1556a8fef20bf3b479b433a7d55cd732a9e","registry.terraform.io/hashicorp/aws","6.66.0",">= 5.0.0"
"dataset/main/candidates/geniac_hcl","simple__gpt-5__aws-tf-003","PASS","dataset/main/candidates/geniac_hcl/simple__gpt-5__aws-tf-003/.terraform.lock.hcl","true","4c666089f19251c562fa001bab814535a963b8b27f2cafe0f5a91506e99afdd8","registry.terraform.io/hashicorp/aws","5.100.0","~> 5.0"
"dataset/main/candidates/geniac_hcl","simple__gpt-5__aws-tf-004","VALIDATE_FAILED","dataset/main/candidates/geniac_hcl/simple__gpt-5__aws-tf-004/.terraform.lock.hcl","true","1d58029d4a2ddf7eb7054eca5a84f1556a8fef20bf3b479b433a7d55cd732a9e","registry.terraform.io/hashicorp/aws","6.66.0",">= 5.0.0"
"dataset/main/candidates/geniac_hcl","simple__gpt-5__aws-tf-005","PASS","dataset/main/candidates/geniac_hcl/simple__gpt-5__aws-tf-005/.terraform.lock.hcl","true","d329b4569d4355f5af6bd43cc2eb27cc520f30311a8d47b0582dba6797b19d0d","registry.terraform.io/hashicorp/aws","6.66.0",">= 5.0.0"
"dataset/main/candidates/geniac_hcl","simple__gpt-5__aws-tf-005","PASS","dataset/main/candidates/geniac_hcl/simple__gpt-5__aws-tf-005/.terraform.lock.hcl","true","d329b4569d4355f5af6bd43cc2eb27cc520f30311a8d47b0582dba6797b19d0d","registry.terraform.io/hashicorp/random","3.9.1",">= 3.5.0"
"dataset/main/candidates/geniac_hcl","simple__gpt-5__aws-tf-006","PASS","dataset/main/candidates/geniac_hcl/simple__gpt-5__aws-tf-006/.terraform.lock.hcl","true","1d58029d4a2ddf7eb7054eca5a84f1556a8fef20bf3b479b433a7d55cd732a9e","registry.terraform.io/hashicorp/aws","6.66.0",">= 5.0.0"
"dataset/main/candidates/geniac_hcl","simple__gpt-5__aws-tf-007","PASS","dataset/main/candidates/geniac_hcl/simple__gpt-5__aws-tf-007/.terraform.lock.hcl","true","4c666089f19251c562fa001bab814535a963b8b27f2cafe0f5a91506e99afdd8","registry.terraform.io/hashicorp/aws","5.100.0","~> 5.0"
"dataset/main/candidates/geniac_hcl","simple__gpt-5__aws-tf-008","PASS","dataset/main/candidates/geniac_hcl/simple__gpt-5__aws-tf-008/.terraform.lock.hcl","true","39590323210a7935bb2dc801f91813a199f1c9735a241849760c0b50841bc3a8","registry.terraform.io/hashicorp/archive","2.8.1",">= 2.4.0"
"dataset/main/candidates/geniac_hcl","simple__gpt-5__aws-tf-008","PASS","dataset/main/candidates/geniac_hcl/simple__gpt-5__aws-tf-008/.terraform.lock.hcl","true","39590323210a7935bb2dc801f91813a199f1c9735a241849760c0b50841bc3a8","registry.terraform.io/hashicorp/aws","6.66.0",">= 5.0.0"
"dataset/main/candidates/geniac_hcl","simple__gpt-5__aws-tf-009","PASS","dataset/main/candidates/geniac_hcl/simple__gpt-5__aws-tf-009/.terraform.lock.hcl","true","1d58029d4a2ddf7eb7054eca5a84f1556a8fef20bf3b479b433a7d55cd732a9e","registry.terraform.io/hashicorp/aws","6.66.0",">= 5.0.0"
"dataset/main/candidates/geniac_hcl","simple__gpt-5__aws-tf-010","PASS","dataset/main/candidates/geniac_hcl/simple__gpt-5__aws-tf-010/.terraform.lock.hcl","true","5015ebaa6b044892e60e5dc3c305f9a676366ee50cac36098f27007ea87a919b","registry.terraform.io/hashicorp/aws","5.100.0",">= 4.33.0, ~> 5.0, >= 5.79.0, >= 5.95.0, < 6.0.0"
"dataset/main/candidates/geniac_hcl","simple__gpt-5__aws-tf-010","PASS","dataset/main/candidates/geniac_hcl/simple__gpt-5__aws-tf-010/.terraform.lock.hcl","true","5015ebaa6b044892e60e5dc3c305f9a676366ee50cac36098f27007ea87a919b","registry.terraform.io/hashicorp/cloudinit","2.4.1",">= 2.0.0"
"dataset/main/candidates/geniac_hcl","simple__gpt-5__aws-tf-010","PASS","dataset/main/candidates/geniac_hcl/simple__gpt-5__aws-tf-010/.terraform.lock.hcl","true","5015ebaa6b044892e60e5dc3c305f9a676366ee50cac36098f27007ea87a919b","registry.terraform.io/hashicorp/null","3.3.2",">= 3.0.0"
"dataset/main/candidates/geniac_hcl","simple__gpt-5__aws-tf-010","PASS","dataset/main/candidates/geniac_hcl/simple__gpt-5__aws-tf-010/.terraform.lock.hcl","true","5015ebaa6b044892e60e5dc3c305f9a676366ee50cac36098f27007ea87a919b","registry.terraform.io/hashicorp/time","0.14.2",">= 0.9.0"
"dataset/main/candidates/geniac_hcl","simple__gpt-5__aws-tf-010","PASS","dataset/main/candidates/geniac_hcl/simple__gpt-5__aws-tf-010/.terraform.lock.hcl","true","5015ebaa6b044892e60e5dc3c305f9a676366ee50cac36098f27007ea87a919b","registry.terraform.io/hashicorp/tls","4.4.1",">= 3.0.0"
"dataset/main/candidates/geniac_hcl","simple__gpt-5-thinking__aws-tf-001","PASS","dataset/main/candidates/geniac_hcl/simple__gpt-5-thinking__aws-tf-001/.terraform.lock.hcl","true","4c666089f19251c562fa001bab814535a963b8b27f2cafe0f5a91506e99afdd8","registry.terraform.io/hashicorp/aws","5.100.0","~> 5.0"
"dataset/main/candidates/geniac_hcl","simple__gpt-5-thinking__aws-tf-003","PASS","dataset/main/candidates/geniac_hcl/simple__gpt-5-thinking__aws-tf-003/.terraform.lock.hcl","true","4c666089f19251c562fa001bab814535a963b8b27f2cafe0f5a91506e99afdd8","registry.terraform.io/hashicorp/aws","5.100.0","~> 5.0"
"dataset/main/candidates/geniac_hcl","simple__gpt-5-thinking__aws-tf-004","VALIDATE_FAILED","dataset/main/candidates/geniac_hcl/simple__gpt-5-thinking__aws-tf-004/.terraform.lock.hcl","true","4c666089f19251c562fa001bab814535a963b8b27f2cafe0f5a91506e99afdd8","registry.terraform.io/hashicorp/aws","5.100.0","~> 5.0"
"dataset/main/candidates/geniac_hcl","simple__gpt-5-thinking__aws-tf-005","PASS","dataset/main/candidates/geniac_hcl/simple__gpt-5-thinking__aws-tf-005/.terraform.lock.hcl","true","d329b4569d4355f5af6bd43cc2eb27cc520f30311a8d47b0582dba6797b19d0d","registry.terraform.io/hashicorp/aws","6.66.0",">= 5.0.0"
"dataset/main/candidates/geniac_hcl","simple__gpt-5-thinking__aws-tf-005","PASS","dataset/main/candidates/geniac_hcl/simple__gpt-5-thinking__aws-tf-005/.terraform.lock.hcl","true","d329b4569d4355f5af6bd43cc2eb27cc520f30311a8d47b0582dba6797b19d0d","registry.terraform.io/hashicorp/random","3.9.1",">= 3.5.0"
"dataset/main/candidates/geniac_hcl","simple__gpt-5-thinking__aws-tf-006","PASS","dataset/main/candidates/geniac_hcl/simple__gpt-5-thinking__aws-tf-006/.terraform.lock.hcl","true","1d58029d4a2ddf7eb7054eca5a84f1556a8fef20bf3b479b433a7d55cd732a9e","registry.terraform.io/hashicorp/aws","6.66.0",">= 5.0.0"
"dataset/main/candidates/geniac_hcl","simple__gpt-5-thinking__aws-tf-007","PASS","dataset/main/candidates/geniac_hcl/simple__gpt-5-thinking__aws-tf-007/.terraform.lock.hcl","true","1d58029d4a2ddf7eb7054eca5a84f1556a8fef20bf3b479b433a7d55cd732a9e","registry.terraform.io/hashicorp/aws","6.66.0",">= 5.0.0"
"dataset/main/candidates/geniac_hcl","simple__gpt-5-thinking__aws-tf-008","PASS","dataset/main/candidates/geniac_hcl/simple__gpt-5-thinking__aws-tf-008/.terraform.lock.hcl","true","39590323210a7935bb2dc801f91813a199f1c9735a241849760c0b50841bc3a8","registry.terraform.io/hashicorp/archive","2.8.1",">= 2.4.0"
"dataset/main/candidates/geniac_hcl","simple__gpt-5-thinking__aws-tf-008","PASS","dataset/main/candidates/geniac_hcl/simple__gpt-5-thinking__aws-tf-008/.terraform.lock.hcl","true","39590323210a7935bb2dc801f91813a199f1c9735a241849760c0b50841bc3a8","registry.terraform.io/hashicorp/aws","6.66.0",">= 5.0.0"
"dataset/main/candidates/geniac_hcl","simple__gpt-5-thinking__aws-tf-009","PASS","dataset/main/candidates/geniac_hcl/simple__gpt-5-thinking__aws-tf-009/.terraform.lock.hcl","true","1d58029d4a2ddf7eb7054eca5a84f1556a8fef20bf3b479b433a7d55cd732a9e","registry.terraform.io/hashicorp/aws","6.66.0",">= 5.0.0"
"dataset/main/candidates/geniac_hcl","simple__gpt-5-thinking__aws-tf-010","PASS","dataset/main/candidates/geniac_hcl/simple__gpt-5-thinking__aws-tf-010/.terraform.lock.hcl","true","86388be376712ea11bde7bb2f7de2750a2ec6707efd4c863d9f3f3fe9c5ca777","registry.terraform.io/hashicorp/aws","5.100.0",">= 4.33.0, >= 5.0.0, >= 5.79.0, >= 5.95.0, < 6.0.0"
"dataset/main/candidates/geniac_hcl","simple__gpt-5-thinking__aws-tf-010","PASS","dataset/main/candidates/geniac_hcl/simple__gpt-5-thinking__aws-tf-010/.terraform.lock.hcl","true","86388be376712ea11bde7bb2f7de2750a2ec6707efd4c863d9f3f3fe9c5ca777","registry.terraform.io/hashicorp/cloudinit","2.4.1",">= 2.0.0"
"dataset/main/candidates/geniac_hcl","simple__gpt-5-thinking__aws-tf-010","PASS","dataset/main/candidates/geniac_hcl/simple__gpt-5-thinking__aws-tf-010/.terraform.lock.hcl","true","86388be376712ea11bde7bb2f7de2750a2ec6707efd4c863d9f3f3fe9c5ca777","registry.terraform.io/hashicorp/null","3.3.2",">= 3.0.0"
"dataset/main/candidates/geniac_hcl","simple__gpt-5-thinking__aws-tf-010","PASS","dataset/main/candidates/geniac_hcl/simple__gpt-5-thinking__aws-tf-010/.terraform.lock.hcl","true","86388be376712ea11bde7bb2f7de2750a2ec6707efd4c863d9f3f3fe9c5ca777","registry.terraform.io/hashicorp/time","0.14.2",">= 0.9.0"
"dataset/main/candidates/geniac_hcl","simple__gpt-5-thinking__aws-tf-010","PASS","dataset/main/candidates/geniac_hcl/simple__gpt-5-thinking__aws-tf-010/.terraform.lock.hcl","true","86388be376712ea11bde7bb2f7de2750a2ec6707efd4c863d9f3f3fe9c5ca777","registry.terraform.io/hashicorp/tls","4.4.1",">= 3.0.0"
"dataset/main/candidates/geniac_hcl","simple__llama3__aws-tf-001","VALIDATE_FAILED","dataset/main/candidates/geniac_hcl/simple__llama3__aws-tf-001/.terraform.lock.hcl","true","91aa83fcd65f09f551ccb0965305f7119adc1f0d543ea24411e0660a6230f552","registry.terraform.io/hashicorp/aws","6.66.0",""
"dataset/main/candidates/geniac_hcl","simple__llama3__aws-tf-002","PASS","dataset/main/candidates/geniac_hcl/simple__llama3__aws-tf-002/.terraform.lock.hcl","true","91aa83fcd65f09f551ccb0965305f7119adc1f0d543ea24411e0660a6230f552","registry.terraform.io/hashicorp/aws","6.66.0",""
"dataset/main/candidates/geniac_hcl","simple__llama3__aws-tf-003","PASS","dataset/main/candidates/geniac_hcl/simple__llama3__aws-tf-003/.terraform.lock.hcl","true","91aa83fcd65f09f551ccb0965305f7119adc1f0d543ea24411e0660a6230f552","registry.terraform.io/hashicorp/aws","6.66.0",""
"dataset/main/candidates/geniac_hcl","simple__llama3__aws-tf-004","VALIDATE_FAILED","dataset/main/candidates/geniac_hcl/simple__llama3__aws-tf-004/.terraform.lock.hcl","true","f3a590efd5dc747c6c66edca116061ff907fde6799cf485468f06e2a2aa79ec4","registry.terraform.io/hashicorp/aws","3.53.0","3.53.0"
"dataset/main/candidates/geniac_hcl","simple__llama3__aws-tf-005","PASS","dataset/main/candidates/geniac_hcl/simple__llama3__aws-tf-005/.terraform.lock.hcl","true","91aa83fcd65f09f551ccb0965305f7119adc1f0d543ea24411e0660a6230f552","registry.terraform.io/hashicorp/aws","6.66.0",""
"dataset/main/candidates/geniac_hcl","simple__llama3__aws-tf-006","PASS","dataset/main/candidates/geniac_hcl/simple__llama3__aws-tf-006/.terraform.lock.hcl","true","91aa83fcd65f09f551ccb0965305f7119adc1f0d543ea24411e0660a6230f552","registry.terraform.io/hashicorp/aws","6.66.0",""
"dataset/main/candidates/geniac_hcl","simple__llama3__aws-tf-007","PASS","dataset/main/candidates/geniac_hcl/simple__llama3__aws-tf-007/.terraform.lock.hcl","true","91aa83fcd65f09f551ccb0965305f7119adc1f0d543ea24411e0660a6230f552","registry.terraform.io/hashicorp/aws","6.66.0",""
"dataset/main/candidates/geniac_hcl","simple__llama3__aws-tf-008","VALIDATE_FAILED","dataset/main/candidates/geniac_hcl/simple__llama3__aws-tf-008/.terraform.lock.hcl","true","91aa83fcd65f09f551ccb0965305f7119adc1f0d543ea24411e0660a6230f552","registry.terraform.io/hashicorp/aws","6.66.0",""
"dataset/main/candidates/geniac_hcl","simple__llama3__aws-tf-009","VALIDATE_FAILED","dataset/main/candidates/geniac_hcl/simple__llama3__aws-tf-009/.terraform.lock.hcl","true","91aa83fcd65f09f551ccb0965305f7119adc1f0d543ea24411e0660a6230f552","registry.terraform.io/hashicorp/aws","6.66.0",""
"dataset/main/candidates/geniac_hcl","simple__llama3__aws-tf-010","INIT_FAILED","dataset/main/candidates/geniac_hcl/simple__llama3__aws-tf-010/.terraform.lock.hcl","false","","","",""
"dataset/main/candidates/geniac_hcl","simple__mistral__aws-tf-001","PASS","dataset/main/candidates/geniac_hcl/simple__mistral__aws-tf-001/.terraform.lock.hcl","true","91aa83fcd65f09f551ccb0965305f7119adc1f0d543ea24411e0660a6230f552","registry.terraform.io/hashicorp/aws","6.66.0",""
"dataset/main/candidates/geniac_hcl","simple__mistral__aws-tf-002","PASS","dataset/main/candidates/geniac_hcl/simple__mistral__aws-tf-002/.terraform.lock.hcl","true","91aa83fcd65f09f551ccb0965305f7119adc1f0d543ea24411e0660a6230f552","registry.terraform.io/hashicorp/aws","6.66.0",""
"dataset/main/candidates/geniac_hcl","simple__mistral__aws-tf-005","VALIDATE_FAILED","dataset/main/candidates/geniac_hcl/simple__mistral__aws-tf-005/.terraform.lock.hcl","true","91aa83fcd65f09f551ccb0965305f7119adc1f0d543ea24411e0660a6230f552","registry.terraform.io/hashicorp/aws","6.66.0",""
"dataset/main/candidates/geniac_hcl","simple__mistral__aws-tf-006","VALIDATE_FAILED","dataset/main/candidates/geniac_hcl/simple__mistral__aws-tf-006/.terraform.lock.hcl","true","91aa83fcd65f09f551ccb0965305f7119adc1f0d543ea24411e0660a6230f552","registry.terraform.io/hashicorp/aws","6.66.0",""
"dataset/main/candidates/geniac_hcl","simple__mistral__aws-tf-007","VALIDATE_FAILED","dataset/main/candidates/geniac_hcl/simple__mistral__aws-tf-007/.terraform.lock.hcl","true","91aa83fcd65f09f551ccb0965305f7119adc1f0d543ea24411e0660a6230f552","registry.terraform.io/hashicorp/aws","6.66.0",""
"dataset/main/candidates/geniac_hcl","simple__mistral__aws-tf-008","VALIDATE_FAILED","dataset/main/candidates/geniac_hcl/simple__mistral__aws-tf-008/.terraform.lock.hcl","true","0514ecc8413b20d24c41b4aec16cf0801edb9a26a2db3608d013b5a8e5ecfa55","registry.terraform.io/hashicorp/archive","2.8.1",""
"dataset/main/candidates/geniac_hcl","simple__mistral__aws-tf-008","VALIDATE_FAILED","dataset/main/candidates/geniac_hcl/simple__mistral__aws-tf-008/.terraform.lock.hcl","true","0514ecc8413b20d24c41b4aec16cf0801edb9a26a2db3608d013b5a8e5ecfa55","registry.terraform.io/hashicorp/aws","6.66.0",""
"dataset/main/candidates/geniac_hcl","simple__mistral__aws-tf-009","VALIDATE_FAILED","dataset/main/candidates/geniac_hcl/simple__mistral__aws-tf-009/.terraform.lock.hcl","true","91aa83fcd65f09f551ccb0965305f7119adc1f0d543ea24411e0660a6230f552","registry.terraform.io/hashicorp/aws","6.66.0",""
"dataset/main/candidates/geniac_hcl","simple__phi3__aws-tf-009","PASS","dataset/main/candidates/geniac_hcl/simple__phi3__aws-tf-009/.terraform.lock.hcl","false","","","",""
"dataset/main/candidates/geniac_hcl","simple__phi3__aws-tf-010","PASS","dataset/main/candidates/geniac_hcl/simple__phi3__aws-tf-010/.terraform.lock.hcl","false","","","",""
